Tinj,tinj,Pinj,Ph,Bp,th,label_viability,energy
241.91648388447706,2.025838471975449,27.90759996060685,28.86358539762116,18.10053139998653,10.736587319818913,R,1.6227026777672644
215.1102751801642,2.0588659241068648,20.851124775805634,12.04215743440555,17.036786841272235,4.460569804868254,Y,1.3905863992614105
248.68783359291058,0.8376994805438103,37.554411009230904,18.44728011215725,5.197381968788094,6.889640742999828,R,1.5741673095264204
235.7894423247491,2.2338511739667988,24.902174421447352,10.12886403961162,39.377170612305775,2.2971721335643327,R,1.5258458711421898
187.53418783101196,2.1868758909505583,57.099788553269384,24.346286542536443,26.227704133056708,2.0888019326644884,R,1.558629807448637
258.04978813094044,2.206470305542208,15.18014230992506,30.527265573324886,19.08150183733739,9.054532209394644,R,1.6367510947836612
240.89117615922822,0.6851763818467658,21.443853198440472,17.412945161972765,24.03190876622625,3.1829362246560073,Y,1.4859694364773635
242.88514442215632,1.6170971060353816,26.091413388754205,10.719580213909204,6.418446193369186,7.478082371108176,Y,1.5222837745328104
190.24909061404367,1.5225878301143243,23.95305202169378,12.927695367591145,11.07778343520841,8.9600748221002,Y,1.3556888351319816
216.03087503164537,0.7167787091079978,25.16002964608696,33.63395214839504,26.81759737371909,2.322345862296393,R,1.4731399636848888
209.6638419386065,1.0559198197420268,44.52214222775303,14.367705727094835,22.999160538926702,6.48741399145682,G,1.537321983228925
254.14119910788816,1.602406579495092,29.738043524091715,32.11459075539295,32.547618802467156,8.841519369858398,R,1.7281685813054137
231.50920960645317,2.3572657746452057,42.6760971856518,16.591979238217387,28.055994165586796,10.897309878548501,R,1.624206587687724
245.8209290616664,1.0926551924616579,55.06160701408311,11.605639402003689,26.05024865927855,4.9923010060165645,R,1.722683880233064
215.47313590618649,2.574374775312279,42.11505444865659,30.455799586960087,33.534299650685966,11.742165296843302,R,1.7077833466758645
198.17909774278215,1.8644957143486587,46.25397560788717,21.399076031632234,7.3892086943165225,10.445414996596973,R,1.565802351724804
224.36678296126678,2.4010542129615438,31.447648419961077,6.0947037946182245,29.181037875094983,8.506350720818544,Y,1.5026165930172681
185.10538048833402,1.6813899583421428,22.18823104302191,38.59798467705395,30.04567496511554,5.919255072461311,R,1.4269759667649315
246.21049375940657,1.7479855635555583,29.426282810245773,10.17137057752376,14.630724238800385,9.111103761994986,Y,1.5475415885778026
230.53315192976518,2.0492984734491007,58.39271919168486,17.3692441758582,11.847737277058805,10.161932690703534,R,1.7515377559290155
240.6470192068299,2.8199265204145605,42.981512300391174,18.46781222484976,12.484836640959971,5.032998748865573,R,1.6246288026571467
208.36207745038948,1.729531453532275,27.488000374530685,22.130046474044466,11.934930220119798,11.928300649070293,R,1.4720336416427762
257.65584195159227,1.8216438452707275,35.29118702229467,32.49054078169597,23.33237668162581,11.08619369754639,R,1.7877579843733153
251.44968970577582,2.004992408818824,52.598086684394744,5.2131597886294365,9.746920897803996,6.855014403429227,R,1.675239477167683
242.27067976590095,2.343787843244314,45.07996068175981,37.636521796762615,28.075005149677263,9.228299157753952,R,1.7843345636810302
195.57109662815742,0.6796258387155858,40.229377832812574,27.60963110710539,8.677739063206934,7.240088946187819,R,1.5012484510261588
217.33768029816275,1.7892185963049303,54.83232944852285,38.27271077021275,5.941137410858967,9.609305521970262,R,1.7499466786354578
183.5043012629783,1.7039789730151087,45.25978074975556,33.608633809577,16.17515848560549,10.269822038779814,R,1.5734184215776177
192.34315936540384,2.804212460593926,43.92283788559929,37.474337632912594,11.715090330656437,2.2322255515704255,R,1.5692464740613914
234.64391625939638,1.7337664510908528,23.539566174484566,26.03501928274873,39.60317193935288,2.7913202970064925,R,1.5557227666443674
239.58097247262538,1.6708013367358274,19.78749073555835,17.50581440070112,15.604870521602608,5.36467415876727,Y,1.488063949036167
257.40077859473683,2.905499971336755,58.43139526758296,20.50199220897613,12.772243010892982,11.176136326323496,R,1.8548881094754341
206.06602865105216,1.6264411590022039,41.94862665451587,28.031130863443952,11.88694382247251,5.982735831433897,Y,1.5515374161239242
209.63677648278951,0.9522110758052258,33.70575341158931,19.94261509182177,18.084851668122162,10.875122152019243,Y,1.4995121977909691
217.56446490206463,1.0422903070144707,41.50593694095979,30.60854742137262,26.204711336605225,6.62433912631753,Y,1.6035801766994133
195.15770872674287,0.7379688458424354,17.781538248227193,8.214680562801036,32.36808462661989,4.888529203115734,R,1.3098910671579664
190.39372042683772,0.5014203231473611,51.995727325684804,34.049532714471106,17.760168671007392,11.006451830624952,R,1.630271457509483
218.0563940980747,1.5798641525012047,24.74904910039512,12.146602387470146,26.90898430149763,7.606707689186775,G,1.474402823781285
198.15274792407072,2.4231064532455537,51.204570284307614,38.03816633336529,21.87209643977856,5.604842950300413,R,1.696933199217718
233.5851195746008,2.3336661069995897,39.04702994686248,10.444102997804377,34.627337118868944,2.444070036278168,R,1.5731175080856297
214.97215350978647,0.5803727195071255,27.445740614560624,9.520746863583923,24.916462200545233,3.109331324482239,Y,1.348427495430347
246.61425568462698,1.9249572589850823,16.35944767089317,33.415663870558745,15.146208515768505,3.393103276415305,R,1.568396108361014
236.02120816017992,0.88570781353369,51.712500989697254,33.654563969605505,29.625554001238957,5.648362904106063,R,1.728252358134736
204.98933131056327,2.8526907119117433,22.9407063661188,30.856579695843653,33.702257080804856,8.07332955744344,R,1.5249993289416257
246.58078411161608,0.9184124991104482,17.331230203794306,38.61856623666466,21.290422986738776,5.075901144219299,R,1.533397845412046
244.38114859974417,2.0665980442437037,49.01449788716464,14.468887003989561,39.55190336088116,2.6552763376480017,R,1.6868272677834444
210.99827032241396,1.315595905410142,30.751945006784048,33.932705864660065,35.76839077169597,4.648087373173338,R,1.5127921323773448
203.06624831441954,2.1039033149108803,32.52003025162425,17.321418551519727,11.893413438292201,6.086816508996102,Y,1.4393590850521103
234.59964031799802,1.5306464911601878,26.118041427632356,23.808951894926924,32.536455525468305,11.92269928672329,R,1.6118996775351488
191.18019868874478,2.399107630765987,53.66303154136037,20.596001039546508,26.033293552241812,5.929869047509387,R,1.5852251293593687
195.99265619800866,1.0766978133196445,28.37982867479394,5.204750793576253,23.718395423274213,2.8919541874744397,R,1.3555552157043131
180.58898158008043,2.76447963228565,24.458665638796074,25.10617677387052,22.98785053028489,7.8111481447393345,R,1.4237376701066107
242.95395020017108,1.7505241232833804,28.916237685127022,31.162706071738356,34.869389997385014,11.196400726262898,R,1.6610059240800101
233.1880685273626,2.390232869282132,24.141730882532862,11.109333425134494,26.3805476116207,9.8669569886175,Y,1.5620989175960602
236.4132302901068,2.6243254785030676,29.294484936234337,37.60795516625631,23.81970947688068,10.362183091872366,R,1.7025839243851586
242.45832248175742,2.9970715273870123,18.732130029067786,23.563983879647633,6.7100967365317175,11.282317961023304,R,1.581412708924171
216.7132620430672,1.0598641639848956,22.133851310375626,11.238610110288274,20.690600441549506,8.36543503385538,Y,1.420487762459276
225.4992956762315,1.2172310339086372,33.767379752826656,27.608164982090983,36.78145467159277,11.949227306534986,R,1.656985787657472
191.1837598502126,1.1260827168297207,54.576008501544436,11.71729479803704,29.910785527061662,2.332815698796508,R,1.4828073844670577
189.16240588287786,1.1571783303994567,17.578083602502865,7.223667190336775,6.78338923196537,10.348396761435623,R,1.267156230343723
233.47223694323773,1.9561118538484434,24.57036180420138,28.986033484673477,35.93972987528648,10.570106695222616,R,1.665460721821095
217.6876964914506,2.9838063078646075,55.875555399371834,8.874320915692307,33.933352748196896,11.16700390761965,R,1.6968578036224051
225.2188885184951,2.9756952177318863,55.050660337196476,8.717610693175235,24.13394740493348,6.781694576358491,R,1.6546071470702672
241.19990859328203,1.8169330784057691,45.57528749831735,30.898024711363465,5.784191281379852,9.877559236206,R,1.725713003627551
230.77746560004726,2.097568025661684,25.821309934285708,6.93207816228249,24.685036631183024,3.950803991211798,Y,1.4455288462697033
224.28635205263967,2.6499263592540148,33.89147524751036,33.34192126667841,6.910616747424914,8.031302251782144,R,1.5729690011901134
224.7365728596331,2.8323336461337627,24.50494474970843,32.86520655267397,16.213263587311815,5.586451523634614,R,1.554383300807836
204.31600784500898,1.0096515683238598,20.786482910634145,9.94876998272181,27.01183666159586,7.961736506619754,Y,1.408794406550568
182.46542676543515,1.8213543223561321,32.099927753125115,23.14332265469391,36.95195793587611,8.755605071583002,R,1.4623193629229465
214.937391138589,2.5820926366537806,40.91197222816576,8.381892183912981,17.522847304081758,5.470686667461789,Y,1.5291082023151157
197.16677382556233,1.2580051915864792,31.196970395916235,27.13999269250955,35.100832400920865,4.16238299302872,Y,1.4175226511169587
212.68229149797088,1.5995226062011667,42.48710477096864,7.202550453969129,37.14263536401807,5.216879088593347,Y,1.5450823565874219
248.27224586145329,2.96405275378002,28.331463092068745,38.05682997129615,5.7365358160060005,8.639572451074425,R,1.6981940755705365
198.71515886922725,2.9626167418021776,30.563273749235563,12.270575737935356,13.379974321338603,8.768742336728106,R,1.4323174366700226
184.66421933512527,2.7652670269129542,50.58031162400743,28.901312958202578,29.845180472962458,9.413169360240989,R,1.6240405425355293
202.51071136175972,2.496120862070144,54.524162890223614,9.490199853198853,31.489506507784196,3.26536608572706,R,1.5796512702023835
203.48750062133468,1.1728262518070145,29.491533668897343,12.335875691437177,18.734589757596893,10.185173902544616,Y,1.4102829857755819
232.9533211781516,1.3021251851679687,40.71821106053743,20.783237710917973,27.986411447049925,8.881478015409554,G,1.6606529611465004
224.56257218730227,1.8682071030121867,27.51730277515206,25.058364946953066,26.42555160767123,2.3050507669063918,Y,1.5492313515833598
242.71185672851308,1.9019434364050305,17.400058876834237,39.96021341370891,30.892123656037096,5.3559784943505075,R,1.610214829755803
233.145083226191,1.7637570483926674,48.20357316121836,5.907417983183045,30.15304497107926,6.667112559064771,R,1.6149059637552767
212.51094891520563,2.0916756997907653,22.695156745626765,5.011004687543044,8.005477929662646,5.606174903868148,R,1.3587160262671487
245.1216307732828,1.5208075565824721,34.15706356861127,17.262848315023177,10.538756332902132,3.174168882084131,Y,1.5877758648918998
193.35783359261632,2.3729353932888326,36.91704720206206,17.815472873084694,9.645450154076059,4.07346284505007,R,1.4000606091972099
181.81696585070884,1.3338748161958884,23.301221288059764,35.93430326345211,37.63680244449866,2.245613949101325,R,1.4109532646159575
187.20382886205135,1.3266924923658814,19.254990779852832,36.94038916940557,36.97399269235463,2.9307716135256285,R,1.382116011512968
237.788748047716,0.81806490472957,30.660585660198176,35.818374172576156,32.90942943589395,4.663001177245448,R,1.6391236967609835
216.950178420111,0.9717805250722982,57.85286583976433,10.011256267011673,9.085149623658577,10.199702656357307,R,1.6064419963258652
192.90174232268814,2.626302197303394,42.68110154947897,19.42366923133757,25.099501447185506,7.266375099372002,R,1.5187495190965257
220.08358200826908,1.6157058464511038,32.163460278130614,31.105980680325814,11.5530719131448,6.24497890691106,Y,1.5892332155677606
192.18496821705347,1.0696694663820845,16.750986934839673,15.94138737244845,17.893437814558087,8.62162943958549,Y,1.283193342900534
235.70563000621888,2.3983527500559685,42.012297662598684,28.213330997869292,14.348194682309453,7.415105603250052,R,1.7000070223694925
215.69250204592245,1.8849528145421486,19.151593842091767,13.30000021168822,34.01258435206131,3.3151392675562623,Y,1.4579865345411906
210.4816980877186,0.5528900285582337,39.414483197138686,16.319674028628285,10.055798983174562,4.2262336382418955,Y,1.473333304552421
204.12096713183013,1.290903643341788,48.837772872228435,35.115037727196935,27.61627090135265,4.2252236099060765,R,1.585939669393083
230.42260744951108,0.9425035278033527,34.061340673265384,13.76781626311483,39.43631323216584,7.999525126123421,R,1.550310338110858
208.94500884427123,2.1396821524571017,28.4735172667436,38.751343040970205,29.04691041387717,6.616243661893464,R,1.5528791962374613
187.01199354528808,1.187577601575632,17.132290521791937,15.719084632789642,7.7731721152435895,5.875850625608537,R,1.2664023461331615
189.44047216964123,0.6623669480248591,16.115004382271856,5.823483843814707,36.77473256868837,7.56639172881788,R,1.2893139542834018
256.95181316396116,0.6373374729941732,34.35119563404845,13.921531633089966,27.507788719135867,11.701157857825573,R,1.6438905096787528
252.68645525660855,1.9543182448967873,54.750537181633554,10.992172978519902,20.970884286182123,5.141934560558768,R,1.7169907731200906
235.97657070485997,0.5543086392602241,25.982825045693566,22.738943817614242,28.08923674893915,7.201954336335173,Y,1.530135485007193
201.26959691676157,2.6219802828402217,40.83249776018196,8.9450623214751,35.76655156654229,6.803700156441156,R,1.5222123663084044
257.53411018781793,0.888492798143189,45.79376188558928,26.91171070358934,21.699452977033726,9.166430317458447,R,1.8223388546648474
242.30007231726358,2.0164158379885744,17.737344037561265,35.62146746947731,23.596251898428022,9.30290267982916,R,1.5956566317583172
237.35121513271963,1.6117200700268643,21.88951691115197,17.688160863130747,20.835658972628373,9.290707214130405,Y,1.5146850294645302
215.9489201715031,1.6071288030797564,29.907455703880515,10.897245175689156,7.540699921328283,4.015195799387448,Y,1.3879076144624547
201.77932494761274,0.6794928559001147,45.154192836685674,19.00087485245445,32.54745444245755,6.490931363611877,Y,1.5530545892189451
187.71127697227993,2.506880625530539,34.75658005026436,32.50883875077194,9.424411027464362,10.111746910291375,R,1.5069455777742993
252.20819172350733,2.7326312118831315,48.03877806982104,25.702068592785846,18.80995036009086,5.815301705406437,R,1.753822044778608
216.4621031866889,0.5275416684605712,54.04190395079366,8.54001246646611,18.538799596270522,11.842551172899288,R,1.6019654954168288
196.18906918361841,0.9465104392427943,49.12675244693443,23.801550401446168,14.801427723035827,5.647867417921992,Y,1.5052892566766307
204.4765299320522,2.759760471988697,59.65112432909621,21.382988350945762,19.087749406304646,6.976668273419682,R,1.6794866929699586
226.33756551535168,1.8737340320001454,48.946248092924236,16.448928960740652,26.630318863385,6.745255948025468,G,1.7228301349851245
194.14182263513854,0.8750989456205254,53.34806377533528,8.855620861866315,15.898555927269912,6.336638024692425,R,1.5031465451573602
248.52914272739002,1.0069761315228971,52.45648613092504,39.33891774670962,11.037917819439675,10.456313683196216,R,1.8205226228330913
240.6815623868168,2.149965610592785,47.861959302602095,11.161516196263946,35.42786286775433,3.5527523754801353,R,1.6606057867714978
237.55703647607493,2.312042055617183,51.08108174951508,11.746001177676092,38.97914274499974,7.67664706413983,R,1.6985076342204837
214.5674431820083,1.998567021449838,57.060745254033456,10.095394223578253,21.05043383567122,8.186015773554237,R,1.6596275122366408
230.18470725619545,2.8828709497813145,36.384332033683165,24.956756354462833,16.445689932060503,10.512213080693709,R,1.6798242057299964
226.72783751301884,1.7351590091544427,43.722916076064465,20.528435106894513,6.6618727222380265,8.092001599261085,Y,1.5977848767296863
231.9877281243856,1.2506797803563168,38.17228747077477,13.73450137092946,6.28980392135186,11.600203477877807,R,1.6129103584919153
186.75554569119112,1.6930822749394911,53.296664423643286,20.029818405753485,18.750869847589072,10.72167712260929,R,1.5696735571057094
213.26459217364877,1.3991657341665273,34.41118212921783,28.573264787160127,37.5584706405338,5.487399483527315,Y,1.5905505234200454
183.3291339089514,1.0610397316867157,51.88770470151298,14.859518602452056,30.574799019054755,10.599064452908344,R,1.5422893033045855
219.5192655395615,0.6149081233503502,50.97095587757125,37.033602161063314,17.224429660477124,11.584778140934556,R,1.7103489638333944
206.38889698662283,1.3805312339128104,58.28487456158658,15.722118301219703,38.88162488137213,4.571971809245863,R,1.6099390498294228
191.56193510928375,2.278523369274356,26.201431466583845,11.936266078799864,20.006526613950577,8.102088066644084,Y,1.3835748531810417
188.27223741780412,0.5460945071879846,46.93287794486605,38.40987464054851,14.6877460391126,4.8180391234213555,R,1.5468130316613715
227.01156577421696,1.5979462830148368,49.06137739413688,33.36962135413628,19.9223635653525,8.495672790822177,R,1.7074426187262934
193.6474374829509,2.110023503624671,57.132532176209956,17.009816869521295,12.404012944434147,2.936428045470219,R,1.5506440644589994
254.00960947014377,2.026010272935768,55.8106088124989,34.450114790035656,35.99735695702785,9.341880218690575,R,1.8820093606170138
226.4848911760316,2.4416210897217896,40.808663776880174,23.158498720383,17.641065864619158,6.198198285953429,Y,1.645592800322093
207.74958436278698,2.526299289149494,41.06189336387909,17.1363374391372,28.02891375730125,7.873071786764368,Y,1.5820636726592816
227.27323931851333,2.2792645522984696,22.528105278190324,34.3864056338725,18.616651958950726,2.2586240252349814,R,1.5004017327757595
181.8243096823758,0.7569942403618736,58.8733216090697,31.325777340255414,36.560599628738686,8.954414552103284,R,1.6230091314990653
256.68473705931564,1.6875561100109016,26.475785821654206,15.425619492508703,27.483326310047055,6.959913541352434,Y,1.6450746590417102
218.58427495543202,2.0085148937190214,47.61312983030815,26.233748034029084,22.088816159845482,8.25251007687842,Y,1.6345935052233405
242.6188181800229,1.1139150970236291,50.810775216239065,17.928657823192903,9.625003921346847,5.156679723761741,Y,1.6373227133130412
186.6183999937951,0.6063795441169413,34.854697707512145,5.036819039613585,36.56708319982715,3.458201734214144,R,1.3466617073884388
218.93266646705283,1.0589758021901172,24.50371740130761,38.663550949009775,24.138590389511982,6.35428941996142,R,1.5968600002928426
219.25655954836168,1.637236004331597,23.503217289885903,24.237017662549285,14.976854053649614,11.439791212863632,Y,1.5009538186262892
255.02611639799863,1.5348257976365023,53.542320040571624,25.94514105830241,35.72744121358464,4.277940266538053,R,1.8240567913596581
225.73824419008602,0.9416674533179041,37.98404190368316,25.99619989870532,6.905414958804273,8.758390120352516,R,1.5858959280856313
217.8791520845563,2.561038856708732,19.056164191722,24.272451128679098,15.992692106535008,2.498435440345414,R,1.4252646636079085
201.3580530473515,2.8142166718418116,47.26587627432999,15.151674567075771,23.788994042075167,9.180997852669284,R,1.594364863076185
206.52551978740416,1.003370797631788,26.257697376226332,39.005164371781966,16.893501761515257,4.384371868014931,R,1.4691565428559714
221.65379219772302,2.823932288918054,54.43776378378956,26.758394438034973,21.685698938260025,6.515170602293325,R,1.7165943833118127
215.11291682440373,0.5446523979379521,28.930730371348886,28.48224761938865,14.251068831584435,5.67753100594774,Y,1.4364154796809323
181.72896639042642,2.8124061817673636,24.01218735405644,20.917746506096744,9.5529081826514,3.128403433173555,R,1.3276277850184353
246.10335393554863,2.87982197520227,18.818629959972043,15.07514901717739,6.2898948515898105,5.455819525117757,R,1.5352733475527043
251.69286174718133,0.530129657539813,38.01890114869414,7.252214376122527,10.517629771924966,5.501249582931855,R,1.5677814225270816
191.21992711988887,2.4075482419418703,35.28319145182293,17.25805687987602,38.353127990868416,7.221056390297516,R,1.5219272283232772
224.32289148312395,2.9255039314246085,48.80904650714143,11.163410024393723,25.139109666785846,11.723515329399874,R,1.704350165734369
188.6860592908355,2.764755547044446,35.90711642368664,28.173089388995415,22.113604384728305,6.700175225106303,R,1.5039952302041883
233.77920744318493,2.9267754029905326,30.4717186015967,35.76513596809518,18.4513343756998,11.144261556326338,R,1.6776460889847111
202.49870270712066,1.8758087642440984,26.774471203482484,15.59642003859783,29.794705109418487,6.615576585625554,G,1.4290306159761175
232.75381077535215,0.6953903497134707,27.5166035461487,16.650891889491632,9.944081656713266,3.0754330087493944,Y,1.421455150826422
238.1595691429506,2.6244729945125904,56.75315558225163,28.46275763401541,14.664545367843221,4.301528952759401,R,1.760604630998017
241.49179935341255,2.0345706395225287,22.428537093951554,10.224500198443273,27.956574188231347,6.075176760576003,Y,1.529719318507664
188.61927567647172,2.0368418604707226,59.46793910507176,37.53030993371947,21.76725276048298,5.253687729701848,R,1.696466920548289
253.28094761100863,1.5431340246467156,29.711375483650116,17.734637335891907,31.953238863568103,10.658292875324916,R,1.686649298311874
198.41711927159048,1.929604941302773,18.977560593787388,8.541980607437113,36.39884453848286,8.786456021965513,R,1.362201314724849
182.99300449409438,0.8839494477152863,26.191067135453924,11.113940172222453,33.81804069797296,7.783084519186734,R,1.3080929660852958
224.38819755131868,2.3494250664153755,17.62864707995784,37.64611266026103,11.44726999912562,6.912295512366906,R,1.5234797531278632
209.6737827089951,0.6875432683788558,50.55133961237622,13.6491750929157,8.201458243444248,5.9727061828906685,R,1.543430236357582
246.38317945059305,2.32445191760948,38.06488106434975,28.179408134095024,10.930421019076697,8.121924398320113,R,1.6928801737471457
244.66011776514415,2.622446056562135,30.164397849006043,10.46578282383928,32.42357420600807,3.24607165444381,R,1.5990864080041576
205.37111142581722,1.6811716939112205,44.792232208420316,11.79355923220722,36.984088132244864,3.6253318821690566,Y,1.525198507608029
256.2319516055796,1.7745759151426235,43.37909366776441,35.77333766149921,37.39071036963501,5.031163533967,R,1.827499881029573
203.2734270512095,1.2805356823051957,57.29424401524156,10.181162703589663,15.437552627965594,3.711846164610744,R,1.498598925647847
221.20457033853717,2.923646459313969,58.25672325367709,5.656270535769771,34.41194823047454,8.770987190248167,R,1.7485689263194577
200.4772072454082,2.3328111863988634,45.630769904943236,22.54316163341967,23.76824372577338,2.247683214062453,R,1.511653637940692
254.88348560391705,1.4224713832508624,51.80171672598758,35.19543846420271,33.797714692187256,3.601774916667501,R,1.8454989753686764
193.16862540656146,0.9370184655825127,50.65912951508304,16.409686589546865,24.192769483300037,11.026081094988033,R,1.5488987618709944
183.5928495513863,1.0489489805052283,37.10865897149549,9.485679472599868,10.106262692269137,11.97543148222087,R,1.392513649394988
214.80776480024304,1.659805715275125,46.70062296150376,39.378079034797324,7.772684287558409,6.875904778280931,R,1.645563432743051
259.39004512446695,2.856421000785845,18.52165534576066,28.685852032129468,38.502670222326884,6.953700730217583,R,1.6941740840710442
251.3341813003931,2.335365864402295,49.11094874176381,34.774172118185476,19.90308947510526,9.733987622374382,R,1.8509323555959856
239.88864155655594,1.0381093704478745,58.282485323656545,31.324839531512332,17.268222571406124,2.361895776205751,R,1.7704478989251662
251.26339927028198,2.648902833547245,18.82386389065823,29.438479589621654,17.470607966890864,6.270214819009781,R,1.6466432265378983
251.47573117582905,1.4455013075242027,52.625210306633456,18.45974234958221,18.26270440164152,2.9982788181495983,Y,1.7247000010595337
221.50866883091592,2.629305456881297,56.98410119921721,16.351899762127378,38.074888976301835,6.00926382656486,R,1.7653909281183813
205.27432414646344,1.1042489949528274,25.178500041092796,30.093550856306592,7.1946605591111545,11.838218411288748,R,1.4789309450373198
241.76099456887903,2.046651529840794,38.61650344241417,30.084955286203055,9.16714505838047,9.536332808033611,R,1.7209295726737466
232.9329010534209,2.8166762202032047,56.75362014583448,38.27059344171826,32.63780304186472,11.850458756852179,R,1.9000834217951337
209.89261830989682,1.1447350228694853,58.21017020353356,24.90309362469128,24.229332196904856,9.460486256706016,R,1.672528374038166
187.55733344492123,2.2323164764646375,20.754707295854235,15.311738702568574,9.49878652863332,8.081100718065883,R,1.3362110102155298
239.7431689079221,2.9682815498928594,30.70519014999528,22.13350797656671,6.206104787241773,9.542208329272434,R,1.6374024758776786
200.99684127382918,0.8764957181075088,46.41650885178855,26.479983585407172,12.848202189772959,8.590916729709846,Y,1.5534391097956093
254.94505204270234,0.7210057267516861,24.970132472366863,19.935542985191937,14.128375819859487,6.640660299019084,Y,1.5815992390750298
199.27764600045478,2.1854879811120407,29.614678288551637,32.68965931758419,5.49745603511247,4.9254633400521,R,1.4825883603048533
189.82063459291888,1.349339869372576,16.048097700211198,25.46146242755432,12.563168841801769,7.201780593343549,R,1.3283964076014696
246.48901376999248,0.6781111934164779,21.908475641903948,5.330250466967769,30.84116279333399,4.584934739014305,R,1.4072007955314008
192.26274532995953,1.6882640447090105,40.304827248798475,24.944396088120296,34.94017913729513,6.866763464421453,Y,1.5735039773951518
194.34146465261912,2.3844266991098895,44.389052983688224,27.176132507965132,36.43825404194013,3.46135405921086,R,1.557972196497963
227.95062332166748,1.212806001037972,44.201032399312666,37.03414380404247,18.64699114252402,7.653950989700408,R,1.6694336859456749
249.96496326699716,1.3376171937628367,50.02622118501975,19.4802585782466,16.179480406624517,4.452836908121048,Y,1.6762750613885629
195.71477325716586,2.61424850161743,33.687663618245615,25.106368074497542,39.99512968727606,4.936081039415697,R,1.5139771330795166
204.82589383200758,1.8001797806537203,27.307082230851996,21.624910775003087,31.926915782255605,6.990281417823884,Y,1.4679446465376713
242.19238705929422,2.60682992201618,15.701131501913624,23.607974996410988,23.807322831764402,3.6252625302158075,R,1.5096743010631979
257.7461140848774,1.6159737303592738,24.29834217235741,7.355642473414877,13.917000144128881,11.62379883635919,R,1.5714945997168734
220.0592948961874,2.8824379039002586,29.057451549091677,36.404928363658556,16.245690850978665,6.469443153928761,R,1.6097234000182294
191.51180020410007,2.126986474294342,23.019308541620948,36.8644318941069,23.03775220902855,5.522792296267511,R,1.500056470211137
181.11490301665611,0.7897471632981236,15.9065012173471,24.182086344492145,23.972902192676273,2.2919660509258093,R,1.282609015065932
198.37248239990842,2.7127324705670017,22.085142389933623,24.479443050233094,5.478752549578724,10.432543631122329,R,1.4650334354713892
190.54577742292167,1.7231629770769945,44.97447991054075,7.014461258038409,38.57900298450161,8.258339153063844,R,1.4916834883098942
234.2126938890286,0.8540974199322624,43.33134374126681,25.928267959191487,25.146218657304722,6.1640515484129725,Y,1.657019482234951
189.7466003702825,0.8817253346035518,57.10576377291191,20.020312645770687,25.620538554319666,4.455327993384757,R,1.5564178290431063
220.50639452965063,2.2188348377746796,50.91757311287892,29.816527058205306,12.401489681383673,9.451374186753853,R,1.6859398242239678
235.54099485143092,0.6184312668237244,40.5490252578536,6.649372080845033,31.774551258043676,11.45474575741667,R,1.604289720332796
226.4893287376722,1.216484412284533,21.19003563719451,29.88106889553214,30.804258203214495,5.808097056520202,Y,1.5492263421111792
195.9820521328046,0.8494689761746703,40.38323185163206,15.041283834130986,8.330529069166742,3.348760683792313,R,1.4303468958016738
244.32996209458102,1.6026935740432107,17.771777741138134,27.80968656585878,25.824803029097207,3.091947472727374,Y,1.5411620619702726
237.23257036926412,1.5358844299859031,34.38982038348837,26.949409135924306,28.036781086545794,2.063619723338859,Y,1.5755512563270337
239.11872031324333,1.8046910867221397,32.56163830262379,12.939451962128139,34.2448861100857,9.43955440771722,Y,1.615776843830128
190.48462012458506,1.1990908227563255,34.25162142133237,20.415832082569338,12.213191262119874,11.813953859016705,R,1.4167512328969543
189.90030429202756,0.580108973445443,27.592166327765426,34.24716406686636,35.717217888224205,11.928177527535683,R,1.5004353598348925
254.2050040805206,2.035965266337964,45.86237014307207,26.195707525817088,21.151837509765848,9.841972543429256,R,1.7979982300507233
211.80625550599524,1.4342950072058784,52.84250102844508,7.405840569244401,8.378326675697569,3.621837782960436,R,1.5128212329879127
204.07589534247518,2.128337496850116,49.58326466695399,20.50180909622904,8.696742752880658,11.777094559131216,R,1.6146339180449474
219.08672362812268,0.7716674270106711,43.24884431058962,15.912001057227096,11.923155878560934,5.278134430019509,Y,1.5357302066405163
233.0291370210866,0.5344433882351258,39.225515969985594,27.457598761907146,14.896274709485798,5.336196094925437,Y,1.6030502243982767
256.4498605637576,1.1207356197132319,16.398788100361365,26.50973794533413,22.37420315609299,8.873369528924389,R,1.565721688085645
202.9156981505644,1.6413683074851306,47.53202994113646,5.363933552854919,31.206291921059595,2.490491870744514,R,1.4838919757426
253.98467434496217,1.485179935421168,39.52423228103238,26.269342829646202,11.53540657068013,10.257697299075593,R,1.7336770895882976
181.9887593109005,2.525756388183666,27.18334727987491,30.719737889472785,39.74281280748378,11.97297276487744,R,1.550820804546521
224.41584338614598,1.4445941104820599,29.752891748404874,31.90555113405514,10.653267611960942,9.750697780899173,R,1.57022383335536
230.71800893448682,1.8261029490076972,57.102305391138366,7.064151963648641,25.97822887027516,9.816764912073332,R,1.7182976272456607
188.47179230006026,1.9837889811054805,43.096301030275214,15.628044598845413,37.5129152554969,5.90313670566551,R,1.5245407041092942
191.22716776511302,0.554578479114529,36.416059559588774,19.744574619303336,34.13775980068895,2.659213890156569,R,1.4152677432538217
213.5291455453043,1.7878334421154725,42.94147828687835,11.292009772821913,27.676122058210595,9.926674342344233,Y,1.608340586816368
257.29855297145457,1.3620781484970945,33.61840462435457,19.725685490775344,30.042254887681448,7.9715808690480054,Y,1.7191215613352666
227.68340425874982,1.5532003192081365,36.158202294135734,7.489533753895731,9.69719693468775,11.093386891220844,R,1.575280379016897
254.6418577280169,0.7507184962381257,28.063916551845168,8.962604905246806,5.338206881608688,3.1596290016683253,R,1.511662633387273
244.34887324903767,2.4570514141216133,34.793398526624,28.40431669951968,20.195207452613047,5.051230630941083,Y,1.7288286908766881
217.39052812442333,2.8560106270213064,45.85165045970597,14.190036140605425,8.133162421840607,5.606561537233865,R,1.5598739007541151
242.781075940175,0.555672051574,16.797386628891115,29.899204661785035,17.52133966694885,8.832797085446915,R,1.5928137011723955
181.426942718159,2.0034319070283697,50.77623332832697,6.68379848058338,12.830997774940816,9.877451631031551,R,1.4903617868961558
188.7315197412588,2.4096101682208952,27.734079338759077,24.6946068565226,37.07213528332599,11.610204085844202,R,1.5365190633376469
246.3542891906189,1.2120189716247236,45.715190704462486,18.70070322553941,35.80195996528201,4.954071583241545,R,1.6948699923196704
243.74536706601293,2.468888962158042,43.9226391606027,32.893998717041285,33.662999698585296,6.936364085642473,R,1.803871618273182
198.61125935731468,2.0808876269157532,44.36826221135874,32.43830530719467,29.988050444489563,2.289609300812984,R,1.6070917223075185
222.46156724792428,2.822906580677675,42.36580123151113,18.144587486012785,10.392517518640945,4.529878781088879,R,1.5558014064106904
228.48126565600086,2.952512028384432,58.15958271312907,26.794990493070003,6.692859916970305,5.740035081196403,R,1.7348575321947948
249.4191163020809,0.6058652849967621,37.87548732129259,12.964210408682083,27.886075024914238,7.938062065254482,Y,1.5829686341107707
228.24857258709807,1.6123444025675155,47.95436019819081,25.314239266314708,27.479034801128474,6.708454935991741,Y,1.6823291170423966
213.00572554189444,1.8674694689455456,46.745219905556,7.844264288163286,17.929849966406834,5.644750597769973,Y,1.5146726525847292
209.9347234725746,0.8668580830191313,25.632040977524866,20.21114994415135,21.5440333252459,8.240779665293417,G,1.4446499416449148
214.0705669098808,1.3407145760684043,27.74876276340715,11.395468853833819,22.120228588329628,10.286156771170003,Y,1.5444600958682064
232.15448204639793,2.9691186193911543,34.08076941706355,35.91834137320329,13.397484646127722,4.416811329847892,R,1.6900011822433347
249.399250540186,0.5405761408561787,27.496406870844417,20.57152862883911,15.995831416765506,5.428758792604123,Y,1.5231118809093265
216.31175056610397,1.6312698288109602,31.503439451848188,25.67708120231372,19.643634413222557,9.049236496870199,G,1.5651764525633738
199.82716503610865,2.6066365542954903,32.59322762677377,17.613365111550365,26.11126604690564,9.779405987585303,Y,1.5310048748615863
198.9329890398065,1.309753156798221,42.17390524222547,15.1059362333931,38.45367221060874,10.253968717346472,R,1.5429681339385781
239.68114241947572,1.6994962568878833,24.895051923077773,12.102192407153675,23.846961333166398,4.093312188970287,G,1.5140485963145025
245.32550107391285,2.94511436446995,51.19313396445093,36.91550539334568,30.590736834012056,7.392669612444156,R,1.8643103239834846
188.42224638833,1.6871920911892597,34.68913605471771,32.98130238494335,33.24503858384436,11.000110985252844,R,1.5125433712351308
185.32470855641427,0.8273032803662477,46.780985025746105,9.66414005508608,8.972784245799375,5.919504550914917,R,1.3781799033781916
227.55469310051615,0.6293037291659777,18.664911655836804,31.13537067021294,27.85936336438793,6.298830902215557,R,1.5091217636043535
191.69385953541587,2.863541431099871,36.14844273559651,19.64857719628286,21.873875208904856,11.848229439006857,R,1.5290206584795714
245.9731352365073,1.1645235331876642,16.269878947979773,5.538882923619945,25.035082978676225,3.130526460325054,R,1.4171941767943466
204.82677391392596,1.7601597664113773,45.415949631700414,23.49285621316777,6.344592751916561,9.056019894616359,R,1.5426427666663165
191.5097546376914,0.7267544152249215,30.46695346486813,9.551625402970313,36.717550779158486,10.501841270408919,R,1.4146665744934412
253.67763779899602,1.5591378013765127,57.71637663476229,12.347700958275814,38.34744523514075,3.5079351663401743,R,1.7994513865981607
193.24253781882226,2.8252637981253104,29.58558965706387,29.361433649843256,5.121867328961411,9.144532360072375,R,1.4734275991255967
202.77760658703485,1.756032484077346,40.371265410797704,13.999971299941864,12.44770572145288,6.697382220104423,G,1.520892652790742
192.2890716153647,2.9278378795058195,26.58244090625766,36.21608706446358,11.30679607981325,10.528908846746432,R,1.490016040578856
189.2392050932284,1.1470890930934992,42.90506830263031,28.000941544845947,32.3456581047948,11.074523168359061,R,1.5685638677416351
181.6918413069152,1.7613630992598428,36.01690575599555,34.12992197187832,25.93280206891371,10.724849031545734,R,1.511383655141779
184.43163273314082,2.6488269795233133,31.67827176775348,26.53163384155644,11.20667821538561,2.6438513757901276,R,1.4161907461242422
193.9713176748682,1.6206308863843595,24.166020708608094,35.409735685770556,33.48898343616011,9.568552768149743,R,1.480037142978267
184.27055461017403,1.198718433925474,20.01846047871549,17.658963625775257,17.371620513201194,11.215275749858293,R,1.3883119102342523
227.29150528887772,2.638688408544704,20.394561028050298,24.21992019099529,21.129990670258582,8.21348440670931,Y,1.4964370721742637
234.45716214396052,1.4747236721815224,59.95680078774989,23.056164015551673,18.555731186222587,8.008760604784902,R,1.8035021732998364
211.49043654656225,1.8268082276505853,33.55398270857556,36.63267478272897,23.248307225443032,2.45005387398111,R,1.5520880861570576
205.43928775616396,2.941317666037864,15.086836854300275,10.772039301301474,21.804986409005387,10.560330222059385,R,1.418082856266687
220.3620989617784,0.9662082368896597,57.881795578170646,25.232126711534235,14.610440093185492,2.4640356082916153,R,1.6759381202336294
250.0003953787687,1.2535015918004642,15.89909659034157,31.405091797944312,19.85946131228441,5.135096063846739,R,1.5795950988690233
248.09053014577648,0.5776740001745999,33.836375649954014,17.951741618678113,36.7918002449005,11.258630652872155,R,1.652985899406971
183.47800496102334,1.4795942747751318,47.28649136867951,35.36535336155917,22.601294776773578,11.497451427295122,R,1.6065276757447466
194.51987276772192,1.0004585764621488,56.15696599672928,18.055516847720693,37.07352436478315,11.919005404759226,R,1.6811808237533445
198.93958968835167,2.2000873385197286,47.07988311444455,11.065806596357064,24.254446673628763,6.764022856128863,Y,1.5084720558365878
199.95100606657695,0.953303646914631,35.863158970500535,25.441692439176112,31.90860526424556,3.774295463810108,Y,1.537579123004414
225.6986121394218,2.1870318810146743,58.849891754284656,19.71988035130594,15.275695838089952,6.879444868290839,R,1.7218293242159957
213.30099405625538,1.158688570473294,16.76937223649717,5.531653663870159,32.66447215155428,3.0231292508304923,R,1.326946825544936
183.94032959420753,1.3880445853029995,59.41014911421036,7.444350737272613,14.251256454474495,10.725361089699698,R,1.5067037328579944
209.88913107676572,1.3721516301159937,53.22261982687975,11.83470130723065,5.6842490075040555,7.605372332665048,R,1.5522195735279025
221.900235897411,2.2918793754090236,56.80185077068616,31.926548583135332,10.625513011219256,6.045058991667553,R,1.6731946486618388
188.13375223229727,1.6662731578458576,26.46475908438915,36.221383061181186,5.757850626121289,2.795307024808044,R,1.377296094234484
246.67668430308478,1.4032472471317077,21.41061325279214,24.097430590497787,38.1471924662,6.052406768166304,R,1.5914434360991736
184.15694931720833,2.6315567975986247,44.8491875717715,8.694791187994321,39.9991957146193,10.661916083901088,R,1.502645911605438
253.98734952144497,1.9298765641030067,38.2136747093754,23.70466332846461,31.67805922668322,9.034059324772127,R,1.7656280619218958
187.92905132639004,1.0345770531949945,38.542558233497076,34.946191120893076,8.784485731305567,2.8245551751096656,R,1.4393524755255485
247.48599612782021,2.7502281953592065,56.60786303174479,31.231717019290638,36.46309111164273,3.5990719972617584,R,1.835354632185001
252.21225151420936,1.3566257400841015,42.9036407993968,15.188435729408123,31.032166414313654,5.923084907075046,Y,1.6861497752243626
258.3656544469274,0.597448443843301,28.997872579706545,9.336171325092524,16.628558039073077,3.0137508268591864,R,1.5467927319648533
244.16207042188748,1.7365005599361323,33.00299503880442,36.52385949167851,22.579726913312623,11.34041191993271,R,1.729806448122312
242.3582032617063,0.8098451361021946,21.007312579133306,34.893106132127386,28.16157694416891,8.52292044630876,R,1.5910982800784548
231.39866207964383,1.0961661092893564,23.65413181240602,6.880037780082903,5.8417666485644935,2.9482300130394505,R,1.3951551222582108
242.31970836625032,2.3677771817185276,21.450753159429233,33.82860714385975,22.55393192349633,9.880574623804607,R,1.6442179182551266
190.76417667305176,0.8268795334407965,51.46311035451095,8.402442322472883,30.63384016392448,5.684059285719429,R,1.4589885871435428
222.88544287581098,2.517360560885089,46.719306058745346,7.214927169071296,11.587888016371648,4.448706445532208,R,1.5537614193755427
221.13782961523316,2.842268220327384,38.865525792488334,31.55103140011908,20.532670071776657,7.6998494193969105,R,1.6715839817761573
248.6057715298046,2.0163302510198617,31.846552513240685,23.77087176737353,23.638554521472663,2.133721331205413,Y,1.6353415949687522
217.02394924748126,2.2758979800570733,45.08224306459577,19.50918084316116,30.74478801857313,6.65397660104255,Y,1.6239837341632322
210.80715968802826,2.2839665247685437,51.580740646309245,36.635176859160765,38.755879877758765,10.438049930951696,R,1.7788848524145917
231.1650616989688,2.9820198931761124,54.65549470522691,34.37562502237138,34.689644180150204,11.280575959855684,R,1.834188690211171
201.3170654000677,1.3538456555040572,39.61573026928501,7.016821504146981,26.753144708048257,5.425547044164397,Y,1.427403507734715
191.18147287631655,0.9071413781067562,51.89483048188654,26.56305346794103,25.427423619218324,8.424365881650443,R,1.5714032864921585
218.23018192189966,1.7979180872858036,38.008767903571275,32.029359112261034,26.111534257543475,4.268234383688336,Y,1.6387317297660375
213.35114948759082,1.8331245245792704,36.35385401345509,24.26717029212332,24.081252493092084,7.60213070984709,G,1.5708097828986896
198.6055952423099,0.9447812207403612,53.944433502994514,39.40519246766659,7.077700809062325,4.54027726153189,R,1.5936199592239626
209.40094480921024,2.0327735474853488,32.38682713190988,29.01166266266419,29.440373810587175,7.713565086274529,Y,1.6032829773030224
209.3113959860998,0.5353118336920599,32.816070556831605,8.645005444395885,30.071788004536106,3.7172211729323097,R,1.410157011424666
206.19964515300364,2.8191710061355537,28.72101053782123,11.940430419998371,22.93681267934596,11.412325567607434,R,1.5553063789275239
210.3571263781543,1.161435694553154,38.341577773257754,33.91859674198117,35.46356618908901,10.869174764072916,R,1.6261081406950828
234.85946763647564,0.5989005209754795,39.51825151602573,39.8864835600505,28.535288096483747,5.369182494488399,R,1.658366911006
203.75011796570283,0.7706236036871426,44.72075153897056,8.441874340533639,17.693263024995595,9.766628889249425,R,1.493843517360786
255.90863413722724,1.1006223706991043,34.372603954930675,8.511526124576694,5.689302375952199,2.9550413073219453,R,1.5422693356652184
253.30784156305424,1.184765421515113,24.80267813476197,31.71854689501492,7.070657627418803,9.403609087054239,R,1.6110640259397384
218.47283426400628,0.5820249987443217,54.00789280862441,7.252399860078885,17.31293915746252,4.824591296127041,R,1.6205344618225945
206.2688964003751,1.198387030484323,30.57003902571065,7.3996040622696615,21.1736863819539,3.356417686758623,Y,1.3920838420198716
222.83478318640024,0.9823543412337052,56.53245389280786,36.10857690533819,10.840489182794876,8.781912179036137,R,1.7416521458011118
247.88483910188995,1.4465523185862965,24.33089998619051,33.01574343114578,11.626490724792124,6.698068178193893,R,1.5970996636597108
232.20698724480815,1.462919343389923,40.202586430630376,35.85471199525338,13.05739755727677,7.301396017304439,R,1.6540160341407333
244.3513462357662,1.3475193515071977,39.14767920882535,27.767969074646377,32.31796688516954,7.205297841379208,Y,1.7327929225587142
222.61778208525922,1.31980970882676,52.28915315671479,16.288774767860048,31.995074433312,2.5944798210601956,R,1.5838974411511666
230.63341034140967,0.7243281943531281,21.248312403787338,36.72096166164769,18.40286448948226,2.5138024909267704,R,1.4780433992096962
203.05244913459694,0.5630123678154054,55.94717278128576,15.455323374105113,11.032753355453853,8.01167503948097,R,1.552239405737176
238.79145298482325,1.0052857503911665,38.91426774774315,14.642879380919727,8.881793477221423,8.238646423554165,Y,1.6204082942005325
196.19236745005747,2.3916235685415383,41.37492227614649,36.024014671747,8.049525921651064,2.4717455651511457,R,1.5153195596728812
235.58385030547987,2.977024413877805,37.957483198399515,28.828790737262274,18.694773781478023,5.784393318878178,R,1.6860976316014074
248.85752546607154,2.8213154376433227,16.62112080763199,36.348522964823495,6.593985166239179,8.128512795604273,R,1.6155643314594343
190.56822698412353,1.7605483888444216,37.36907978129692,10.456545123889034,16.677226299421726,8.566806557530764,Y,1.4613385287313905
229.1503792433536,1.8295596394448355,26.859734820464574,38.3303879217971,38.653663488939806,10.282757592765515,R,1.632196591212515
187.60765985839475,1.2864539225896063,30.420968117002417,26.445975484511447,22.762661546351353,6.207322835968808,Y,1.4406808540827045
238.05725026171416,2.434848596594141,44.2095719634213,28.381226543269968,33.79256298923161,7.482577811469688,R,1.7453272040111165
186.7594575058816,2.4118917198316216,37.39637082633477,36.99212031142581,9.524308106338967,7.785603756088173,R,1.5407576515794565
254.87518581605008,2.6106808939561112,19.19481957003572,18.326354114312004,14.38275738433967,5.12045283300319,R,1.5450515913627376
190.99263440302417,2.738761442992211,18.28685736427915,30.185124814355177,38.12912555904031,2.538254024416116,R,1.4145790099884663
256.7104196727264,1.5858731205632393,23.354596302781665,27.411921739356938,18.424316392690827,2.0422592620510462,R,1.588532600751714
244.07073408680773,2.4171889202679937,23.589831595750063,32.57134516030861,27.69421449569128,10.361254161185249,R,1.6497192380241161
227.49456035730833,2.5159968219896967,42.37353406371142,36.39299771416576,39.16443727069063,4.002318225223863,R,1.6872811720587513
242.60992837036375,1.2711490562443755,23.001650882049425,28.802129940053312,24.277571471575744,8.302546641591356,Y,1.584597132784196
243.60918711864687,2.823105610015375,54.67737404736468,7.367384407607252,15.687108223005758,7.770474786439196,R,1.7275298700426658
255.68216502538644,0.7358537565991387,24.43922972760359,11.409912104742308,23.61819595832218,5.9963307674051896,Y,1.5318431807366955
200.27066830713497,2.985672947908207,19.100915044187218,38.38923637934794,6.912301976580076,10.334933087006338,R,1.482003828128708
227.20607162866474,2.4252267953971733,54.40857073618411,38.902766568202914,8.932945593244192,8.98401595693379,R,1.7305074962550415
187.6039358051521,0.7331772633108181,28.289740923452985,38.85946597944269,5.250988676829447,2.2274146343917294,R,1.3691745627759906
229.2932560019297,2.1405741202625013,34.14401834251811,6.287979014004129,35.947351454775145,9.766940733566848,R,1.611676670068152
193.7033043274231,0.5854485273206504,58.156187280559905,18.385685878229637,28.494815011485848,7.0699881800176225,R,1.5962566891376397
225.19604891779534,2.425467373610457,57.496614862099825,31.58854463957986,15.441541779646183,5.470192890828469,R,1.7426283015437052
225.79444112270798,2.498057304147638,47.1712600169213,31.35100312802408,12.74064967225566,9.268846565116778,R,1.7168869391375927
217.27881223849818,2.006025632728619,18.10225282796496,8.006811673248547,28.907681040522295,8.860656296462693,Y,1.4092613498766353
221.8105420410498,2.642150979791426,41.70030564351289,26.332111048133164,37.183622267484886,5.105882378689491,R,1.7037462203388405
241.11387120052703,0.7447082005371493,59.5085070769016,10.00043664893001,15.469868186823874,11.830388714978813,R,1.7868459520287288
243.93957732096533,1.189809605102033,57.61123027907912,22.262326650372767,16.254568828537362,8.487084867117533,R,1.7727768563885595
219.37225724603434,1.5354438039816762,19.770112163397428,13.388999529439253,34.89842538178205,8.057797124538936,Y,1.5273920402202161
227.967475321809,0.6061448820702457,32.818528639066585,6.860641010715469,36.26815355593133,2.698803634817721,R,1.4645156984573697
254.49889885520815,1.6205402189279154,29.199153565627768,7.800679893431335,36.99127983904225,4.793187803447374,R,1.5687083735378584
189.57868708008982,1.163033640281415,20.83776481072075,36.88125324054678,15.260397280234317,6.469740023264414,R,1.3796909685080925
189.36828527200885,1.4818375302543825,46.26592400619424,31.06260874705369,9.210939865872211,8.306257043096764,R,1.5310655951834142
187.01672095286148,1.5627565799807661,27.323176396210656,37.61383936205326,20.39991501994897,7.127636307303778,R,1.5136444379384135
232.62906280324222,2.698529333719213,30.518961140638403,21.449647631674345,15.351770279941338,9.630329334713913,R,1.601294507577301
213.48866406323037,1.1758524263190977,19.06614945156381,19.46523746334815,35.93533333841425,4.625677124679019,Y,1.4062491697962194
241.94571329134746,2.73435782179068,37.40854014503995,17.544255237573346,6.28222296312407,9.021569952824844,R,1.6220727379444273
233.6985130646874,1.564927412032123,22.11755386434254,26.57074836182315,27.18581643726953,10.165970468911626,Y,1.6102562470874713
206.69102066625905,1.3195193017349651,34.44406906107701,17.304578543996676,36.716347801183986,9.650499755829532,Y,1.5578585207744595
251.86932378892286,1.756280123337865,21.450399994648567,31.119563189370215,39.18346283821231,9.708465845880335,R,1.6725279868546756
241.0025717656522,1.5443582159070992,57.92324504775656,33.04610641755518,27.754570975431513,10.885070572621654,R,1.8075369561641275
201.64279527281406,1.1434307826378651,21.524213993871417,35.65456077002834,38.2473034957833,2.841785424804895,R,1.4271131318364112
209.13536142176432,1.7566983119901673,38.48492192327849,13.498032558584704,7.648081191877355,8.97191571374103,Y,1.5408954685811107
205.15519841634102,0.8795043326970782,23.864092139354437,23.44577172523314,17.574742109868392,11.68678201116461,R,1.47286237993447
192.60893188999998,1.3798248575574152,18.436281156267416,12.82056158554436,5.305014406435679,7.736506498745381,R,1.2946654315255095
191.82266980337533,1.9144755484352265,24.10388784789442,6.3144538197119395,39.341432026678646,4.173163119843926,R,1.3979113737297937
254.89019707005951,1.5335206109746464,17.464834832569625,29.77388564594432,36.59542675683447,11.987538057742128,R,1.7223875713946633
215.03232297590026,2.5597809026269913,21.272882240444495,24.21434458772936,5.981839468687047,3.7467729282147895,R,1.4321416970889702
210.66558582219278,1.1418044038379156,37.206787099344766,30.337454784357927,5.634642766091809,5.355576973748593,R,1.514139809516004
238.37485669419024,2.924428947077525,44.33169844759084,8.0668018992288,17.843932293722816,3.720621884171678,R,1.6065817929970814
224.239445220232,2.461805052128378,18.930291678230255,39.84341626716797,14.048828837681564,6.645128687500683,R,1.543482204700315
254.891198947077,2.9189825649936805,34.845838075692086,39.80219984314612,34.64262970348757,6.188760096109583,R,1.7650148040471971
242.42411951275136,2.5953413870757602,41.15611602840084,21.274993892622945,10.616954114515181,6.912408965105728,R,1.6346781452576953
218.34956512996322,0.8552598146291066,25.540155429497766,35.31205503143426,32.67273119453001,11.279834000554295,R,1.5426117886941693
210.1087578784661,1.8161502265875344,31.743528518221144,13.524899453194488,24.406089499673215,6.783243858342251,G,1.5055317322004955
258.93052359394574,0.9249463029894642,18.232569138012387,30.814815642815393,18.208711999174575,7.146263262136442,R,1.5665876420755092
237.42081888029148,2.545568381568143,24.90589861048927,35.77290498847481,10.100191660668257,10.86682105918468,R,1.6930230964995263
256.0955728003073,1.9604053729582398,36.0038816663523,33.51331931282725,39.91919570858849,10.177579940148323,R,1.7884207900328328
189.47828617736332,1.1586232858922645,59.569898051639505,33.412092738440506,26.629514232253786,4.397220312254442,R,1.6650778816637843
248.0426943352626,2.8239974300179282,59.831927832261,21.205932123110276,20.3783781398798,2.1292595522885023,R,1.781229135536305
230.9659107192966,0.7879651332856517,59.08297565059296,33.69964817225704,17.989464479345607,8.294995922020512,R,1.7305604895041087
189.753734266809,1.909656008678285,34.03888738351474,29.17466845574552,36.700488072079935,10.448498238375201,R,1.5718949027776576
227.06063999753766,2.3026013866668134,18.630617028659927,9.635798935047152,33.741713286676635,7.5285011261040005,R,1.5153622488432161
234.88770920843592,0.6471213433310794,29.56080467622001,8.996454142258205,33.39150259288783,4.111769200128451,Y,1.4786615442192836
180.98421487108823,1.994640083015509,25.697146891693976,32.0172747577124,26.56694655368375,9.413550906753068,R,1.4357137282016657
216.34543694733972,2.5397530386577354,15.635695870943456,26.891243107052333,36.078480394353065,8.695392826112698,R,1.4911572079195858
246.0319608957057,0.6688182860451335,19.285512462976893,23.17816410169821,15.474743024272465,7.650325374085528,Y,1.5253969731505386
203.6287220275272,1.7806074277665678,35.39363707720797,36.75416267970898,29.629714730715126,10.633361740209837,R,1.6136162380417234
216.6838465438841,1.14639294537185,30.284810871193365,28.085662490492652,19.155670983716238,9.842423529390327,Y,1.5393709554516908
215.38513016543146,2.157311128842302,23.115917473551736,18.865136078090508,25.999958299589224,8.679520914227803,Y,1.4479005819819695
204.15419131539932,0.7966934176971123,47.22449867964362,19.487613286166432,39.93535502144425,8.647586690232183,R,1.5802838709563485
253.47535164124434,2.842628576676267,31.070201815347836,26.183552628615473,39.45836732363614,8.62202634298275,R,1.7648657810477961
242.50352283452128,2.7368214542868294,53.334053508594494,31.609634964022195,22.941665576360688,7.25164744916564,R,1.8122997493667996
188.84707287968885,0.9649360496892729,25.84397221184028,24.752365743219343,25.08522082576886,6.6392164464384695,Y,1.3842596100990647
259.76277262700586,1.3081647109127617,39.227707053898115,22.80663087767129,36.40626191980553,9.096004594987196,R,1.7407777347751527
250.33600194461962,1.9690874366326077,23.286264771713213,30.441524592896364,39.497249937984925,8.10494481470231,R,1.6654696538874965
202.71267502912312,2.2951558415856264,37.28852773736289,29.684259246746272,32.25127309191279,6.899805623005431,R,1.6142661558851519
246.95172637287504,1.6066400379006456,21.86099290402738,34.06213942147464,7.281456028552075,3.2666135391104163,R,1.5341129473125767
188.51356254971063,0.8907283049024377,22.271038096718485,7.189312519705304,16.292390702035238,9.019287886531655,R,1.3172088171191345
259.9283784379391,0.760378734507179,42.550051966890706,31.42332462286926,36.37968189721077,8.459985705779655,R,1.8013680331515345
233.25477888852294,2.9994133422858598,26.870371897909504,22.98161578330915,31.89233770476682,5.422484259735036,R,1.6078105702531194
232.01000124470374,1.6383803036087181,22.756525195391127,7.614259201160316,30.97815748585495,5.563231662150768,Y,1.45814396116722
187.23525815873063,2.6813293728712453,56.839571256078294,28.76535098593319,28.377313066384936,4.4672238413525225,R,1.6121534520699332
251.76267191173002,1.705940011572786,16.9351462833023,30.078906790067997,19.534234737133424,11.61915256365019,R,1.62762304231963
182.31996025635755,2.8058940963650083,40.431665071314924,23.326950934063955,19.11344621206456,10.602013628687226,R,1.504191334808919
199.26624464329177,0.7193984569288765,39.67187288249694,32.7829642177417,33.31263706567803,7.610490294122168,R,1.5703749109259388
191.4417500133308,0.7850479783363774,26.277399348137692,15.508683802025553,15.282310211777482,6.0165314655851425,Y,1.3495043033533087
242.14143525537747,2.8240804693105606,35.3747285300768,12.066752648600264,28.96911554453407,9.368252636964232,R,1.7158143346767267
195.85633817703183,2.8687326126119626,18.948200238718595,17.275688311014747,30.41729831983848,7.277281761259972,R,1.4160150550750972
252.85105817047082,1.2867936186634084,47.45715656657485,19.351767965359215,34.55945962765351,11.75851033915114,R,1.7446794909046643
232.50152314619922,1.3879122174846796,24.976371676957044,29.35767608407591,16.19599567474555,2.5512261392215456,Y,1.5476193483310903
182.8930168395757,1.631125587086895,23.702341192195014,34.59319782573797,30.966124339337075,2.342857340534751,R,1.3870688784338565
180.43438673029604,1.540404200168227,29.169531522487638,30.232136652753677,8.72714641525404,7.686110179733733,R,1.4452175026479819
184.1326333611519,0.9751130398989917,55.60664641184139,11.089564567436053,9.832160513316666,4.032792226889067,R,1.4855399496566775
228.4740142118182,2.7459384598484364,50.84099917275942,17.81759796800901,19.606761406069054,8.043041635501925,R,1.6855500694495316
244.11854486875322,1.1332690017641094,57.610153101019094,10.54447997067223,6.932902172433655,9.814230285471773,R,1.7310126867989633
199.0842256501911,2.2631810236941288,44.338305571488846,29.035346984531795,38.16944125128684,3.3810976118487286,R,1.5740843214387485
247.95270743384583,0.6678891943374322,44.83146799644395,13.686015737591294,36.56635336782762,6.406082241895279,R,1.6827132121371102
184.57855521226082,0.5968783288210737,36.60139497417976,23.38854264981464,6.71267934340451,8.886670834493552,R,1.4255277876293833
244.0771082913341,2.134326181442302,55.73338455151389,32.71404451181395,34.340910266229756,10.338635706729713,R,1.902100430249526
254.22363441378243,1.3475396439331508,37.989471717164804,28.482874622256528,22.810596093150888,6.963440900363572,Y,1.7390484054499487
241.76867192835044,2.1386484818000033,30.977703185776107,15.443089673279644,29.568701093074246,4.061535869060216,Y,1.5907995715384526
235.84966271829097,0.7350530054220759,43.81687544629493,16.65033627157193,36.042590925436556,7.857992555856329,Y,1.7203874622133821
247.03841749243065,2.8746284497896584,39.57627720304336,27.867750031106112,25.194107047719452,6.545170687249995,R,1.7290529052411947
183.21210396376532,2.3712861672327383,20.580891688945297,24.231371226898045,9.071448509962032,9.719254270044859,R,1.3266522684830613
196.14256885752442,2.690668082564498,32.672643626059326,8.373772061451554,5.090251367030519,7.5557606420294805,R,1.3685557485576743
189.99389434445143,0.8411763851112772,29.0996434992516,35.589705624574115,22.392253628800628,4.794228449704308,R,1.4729532514354622
220.36247921543892,1.3004024222321735,53.10751987550093,22.941463681877003,38.2231246243526,9.543929197211881,R,1.7150710716205844
239.61505026630755,1.4208604105158602,32.047915063789894,21.567635461911287,25.041765506461857,7.177470129619596,G,1.61421194792659
230.40094756611188,1.8429316208170463,51.96998546875017,11.94537678212918,18.052869833088025,3.775465522783275,Y,1.6148243937931694
248.0904879809548,1.2421712137685357,34.907531725542555,18.194783663968806,6.082270597831967,7.630723231419945,Y,1.5934880783512295
192.41703939528728,0.6515768554735129,48.90752535505245,16.64887018102847,37.02427960473701,11.483200598458728,R,1.5460264595981832
238.76968735481293,1.4221959518436766,21.087686783003548,14.47574889902994,16.450483130031476,9.055162609377362,Y,1.522798958300412
195.44331926951233,1.1363732865682055,56.60925988463081,24.85923011263706,29.667209046028365,4.988033614579789,R,1.598357618436099
201.660700105424,1.4648032286580372,36.62519508595132,21.179637609809873,29.298302073901272,9.10873175292858,Y,1.539243844656699
236.7923757825043,0.9923988565500657,26.690921053183786,36.121918986013355,13.885910647906176,4.8260631100217894,R,1.5830827747245968
258.41638279189453,1.1547409364118386,25.86703228641631,37.94703919665063,7.232212726125386,7.426888375412618,R,1.6535487778017564
228.92348847816555,2.0673808510806717,26.928477985873737,12.68157002298318,18.475013253514526,7.265957637875528,Y,1.4738233009352348
184.36002519930364,1.4703845864451628,31.502587781308545,8.503690006852368,16.099585484301997,4.4739087891180365,Y,1.2843954409555172
229.30471759420263,1.3634584829237302,47.28837897040275,32.48681430207123,29.508973960531403,5.4788119987981805,R,1.778845238387329
183.38804412641338,1.8347640818059323,57.73213693053571,39.820149127351314,33.69238734809437,11.421814547860457,R,1.7391143017698698
250.73165690934536,2.4296513521098144,45.106684355563445,35.2260024448954,12.785589608708612,4.505985364154336,R,1.7949698252013488
236.76626280804965,1.4471698908698931,39.62248219248453,5.829409074155715,23.48808744217548,10.01027043630986,Y,1.5861068647516083
193.85022771380025,1.9687987313896014,35.18690136077106,13.79422427472631,6.421292158585658,8.6737058001214,R,1.4264640446087933
187.33768046593585,2.9155065634204407,52.26875101669274,6.5169796964442375,12.498953802671167,7.326291325257645,R,1.481474139000044
194.68265831042552,1.8049502852951267,53.23457411007315,33.72727819644083,31.661656186272907,3.3751486946516343,R,1.5883520682156813
258.4021743643354,2.774493941293861,28.186695349476835,25.34924417023107,32.768941217117536,4.045707527063778,R,1.6774713122266582
216.6848513966792,2.4841815606410673,57.903911189404354,22.980148940846885,32.17415622081312,3.7897762359040392,R,1.7376667282188152
242.72647586731264,0.6467967041253743,32.78019134428719,24.405745869878466,9.983577374589455,7.867942589737524,Y,1.6139460443241442
230.91266736862215,1.5727471786731422,51.00351311361875,13.83579405438069,24.286215461394605,11.73383196718478,R,1.6770691567759581
225.793051996691,2.24579601967147,58.5068945137005,26.057342919860197,19.794794505518404,10.772392627749948,R,1.7695896500209487
191.61042037320397,2.9667797811204997,46.664614538502505,6.073344246241049,39.70202038782816,2.2525188292957727,R,1.5152393007586427
255.6819562846476,1.6459407279037814,22.269782690303717,27.610410338979385,27.892445417041763,4.7372662446234655,Y,1.6095044386029886
204.10741060117743,0.7319636353168486,41.376162982826884,30.70518405625908,37.732073198850514,3.5725745893702214,R,1.559787141342521
226.2413772646034,1.9050229367821696,20.34497053930103,28.55591922991395,10.087260675295315,11.756778418979017,R,1.5500388288801712
235.9820755671253,0.8164094803099007,50.511391794101684,16.624113140927708,20.78056455850802,4.356102345978151,Y,1.6520955165019517
231.9386524196247,2.3787989006984835,27.65918282432473,33.91920202946399,32.006266003705406,4.013131850387939,R,1.625358383552724
255.24755277564148,1.7691924936544448,46.284667037700835,30.044039899111873,17.87502048106409,8.208752935822591,R,1.770558043982905
191.87511919360463,2.308578420943216,55.954035335858954,9.490406302349726,27.137797365377633,7.561865835747865,R,1.5539593716545168
220.66821907575536,2.673404567196309,23.145443280157757,11.830047718841026,22.909576033078125,4.258514837812349,Y,1.4269127559820014
212.32275125926128,2.072370042906943,32.6786027370525,27.29879446123835,39.71752932262973,8.703648645372422,R,1.5602365077180385
217.93349835860946,2.031098323132954,44.120345463310485,15.129564674460914,11.085538902292202,2.9700721129468914,Y,1.5318479699770673
189.53740209581957,2.386425738599078,33.88463667642755,9.180152950618293,37.73720433655447,2.1936906603089215,R,1.4265004069816438
190.72756878982122,2.6061375036316683,22.866852373112184,10.423914760246227,19.054983383115385,2.8241479070634683,R,1.287792791803714
202.2460436625006,2.6726344656925067,16.308222637595865,10.796601318914021,21.379753823205306,5.648682259757726,R,1.360486052389875
204.3763683008665,0.5910754892072083,33.29691646658833,21.722681738643377,23.501065929149263,11.750163278748174,R,1.527385620460185
214.232257094508,1.8904757419944733,44.21440619618642,26.258490870032407,14.287829230175294,7.472469988093639,Y,1.5598322681824541
228.87900376293027,1.0406732744938787,40.829289366861985,11.174079619904523,38.72801049137775,9.547261030154672,R,1.6138349814339805
230.77032939346105,2.6508647269544583,22.03085578922891,29.93738136271274,36.902052183217634,5.2149575223155935,R,1.632581450793619
212.94487172684563,2.120994213008403,35.2812049740324,14.835441262553497,39.051678507397696,9.19339065483329,R,1.5848099089609742
212.70264875429575,1.5505561975810953,31.626197078156377,15.90453484378863,39.892185027333305,11.661811981223575,R,1.5129159346015533
197.41028213575697,0.9702605703033782,27.339108103202996,12.822451737593765,28.443003331334022,5.577608902820533,Y,1.3984823217478493
227.06449987272066,1.347559064799566,47.81720597371751,32.482214758011686,20.808992353201063,11.99059434735025,R,1.714096140678359
205.36327290537903,2.2594442363505616,28.934341351223296,38.593484152790694,34.77568655237067,8.384099510316661,R,1.6071443882356866
182.8847867421891,1.010898863029097,39.30638785498631,22.237494703733244,5.83317072427185,9.485914124647238,R,1.4104591413989425
213.47200353254883,0.7339573633459319,56.54505908713274,6.471072450119727,34.204141564972616,4.5216723884815,R,1.5839114418983427
217.93061400721362,2.7200718955688776,39.26741920141121,14.119926074891655,22.40501084738523,8.430907691772417,Y,1.5716618799373794
198.04742945633689,2.410525873950292,42.76603095722523,10.531760189159613,28.562700947919623,7.110062514623874,Y,1.5162372215272193
225.79663464976926,0.9994873266453315,18.296069377539812,34.496679969820626,18.091612146987767,11.56402645477436,R,1.5275519721692419
225.26175203455367,1.230778858574979,23.016036468378132,7.96988956016218,17.901810385338557,11.046750477895154,R,1.4577505491912064
236.1601744888297,2.930175442827214,19.542803968415107,38.826668424093434,6.11010034838107,5.966725989250772,R,1.5529423776914504
231.8358785760968,2.2704612168977936,49.41658267601281,25.59798218186191,19.832630065015465,11.468697515382335,R,1.760759860360748
232.19464452168253,2.026305010534562,52.616448641257904,23.120892547595712,19.292396839676552,10.848125527500097,R,1.7512730712426354
205.29713214592346,1.269071213560326,23.390488193755992,34.657271784671536,12.867688565382494,7.903838503691392,R,1.4277915399586547
242.99457775887632,1.2478128604163057,24.867228791539098,5.9641667452009655,13.656314573891862,2.821179087895403,R,1.4794413617525082
223.93155068797435,0.5988090467255762,29.54432802717523,32.20034622924534,25.44488531548791,3.607902406595377,Y,1.5301437975484589
214.5134556143912,2.3212046672548285,41.59849276292259,9.08114159489808,16.122000488882605,2.768742446738002,Y,1.503180734746435
230.08099847528456,0.6079380626422113,42.980828721000876,34.427233462915126,34.05881681560514,3.07993114649061,R,1.677946977011082
208.85258675602034,0.5121433444431975,45.90392813436559,23.521167673325163,8.898478739997326,11.769523743930776,R,1.583455080247086
221.01913956854065,2.323737719652448,55.733674029605815,7.139529082603213,25.217573130126528,4.121672992161523,R,1.657159201148319
238.93645507857764,2.8721843928728132,28.276806322344218,34.163576358046356,10.601565449868582,8.90854582340663,R,1.6495364553949479
250.91223093789662,2.391257619318276,44.6441545143049,5.955994097493807,23.488421942223056,8.365282576827695,R,1.7194229913961432
253.68457578361534,1.6791004765609467,40.18752805999615,9.842974251276122,24.339106043261154,8.311448648530039,Y,1.6786135092417045
220.29063401464794,1.7151131239021826,28.76267581856552,32.92385833393202,27.480419028400522,4.0670399959602985,Y,1.5683545290330942
221.62200917924554,1.5903410566227634,55.8336833967153,21.270489335026184,19.959873154551282,7.793465943846096,Y,1.697877819443144
243.9896328611069,1.3116091677758341,19.296753538164786,35.84860465241918,22.831613979523905,8.255383495849516,R,1.6386534381055173
205.1560553395361,1.8042855354646004,47.040046207442316,27.240024547687923,11.333341562845266,7.704053166451111,Y,1.6066881253066787
246.9905889876055,1.5778773928527876,47.75431708601709,26.82350640296428,21.205537240771537,3.8616246727567862,Y,1.7099643592617497
219.53133172139388,1.9954197001019367,56.18969374604827,15.22822871462052,18.05606361830017,9.230605970747089,R,1.66022152976478
189.26853794682148,2.745300201252736,38.336126655810915,9.678818324310674,28.31458866290434,2.7324316191651103,R,1.4270491976665605
185.7647317658355,2.9875235433095257,29.473005219866067,38.64103368138389,20.218760322377012,7.912000118196219,R,1.4909978013712368
247.35945688315707,0.6968582247072928,52.24833014370092,8.66791912001883,32.27695778430771,6.362593324013133,R,1.6704910691785748
184.44543335255022,1.4617086816533535,49.686462682457666,23.515371002574867,19.909723450079227,4.502865931330737,R,1.4469230564986586
202.44891489069246,0.9517654894170237,37.514202648876164,14.53990067921731,13.251991054088553,10.073889890261388,Y,1.433973690247526
206.73040324012368,1.3803011848138342,49.5535819035215,14.244923225350915,14.57910516355046,3.758925666721839,Y,1.5712298999719752
193.8395556153275,1.2186825463710576,27.054402093476735,25.810517675598458,6.5849828782072795,11.32981759897951,R,1.4118699918836832
205.11146958415912,0.9363428290669707,41.527784868156054,32.927694101260414,23.897158371031853,10.84565028321187,R,1.6543222263884965
239.41540533800685,2.4101901335532263,53.9332554654544,32.20128189909475,34.08083093651126,5.60587547162083,R,1.8237008630858387
181.17462748480565,1.7407218570730896,29.309302707743065,35.40805912177437,31.918909738614953,5.051529308585933,R,1.4481233987622177
246.17387396165492,2.7981139555430645,36.75974920938344,15.251595826932848,20.322631321846497,3.3748668341890213,R,1.5932553557150755
248.52384188596466,0.5814811081175362,57.797018437780025,21.301298360027584,11.864212430057927,11.163278159339558,R,1.7795091508948389
209.78092585532386,0.6674450328299748,50.91953288872815,5.326710062700873,35.22195551541085,8.27531858823272,R,1.6116944578084444
192.28903192485078,1.5081839573258602,54.91675591487487,31.140016809772792,6.987336191577394,2.3178358214340316,R,1.5862350909535103
228.06723263560647,0.7006933010100929,32.33611774007009,15.582008924979906,18.97279538208729,7.109994145616104,G,1.523778899136758
189.57380446919154,1.1568239910370837,59.842736683555145,24.652273664456526,34.98152998343829,2.8579894782938693,R,1.564204696822857
209.1935488862602,2.965074357691559,21.865452210771583,10.925509870680774,18.761184059146874,7.737506849528417,R,1.4066923220748446
256.6743344720778,1.022399018711535,38.344676244733904,33.6789827497015,9.125641476493598,7.089617183208125,R,1.692357558921111
259.637157806691,0.9952943535302268,36.567302203331224,33.60452767473972,14.308232512102864,2.82846045502722,R,1.7206323569291113
241.76839130836686,1.9341016719892727,50.92944858600605,35.71085201635344,26.001030461003193,10.158605931167727,R,1.8670259302345333
204.8769207936613,1.7449957269828917,55.887799763175536,6.6077948987353,10.32125676930998,4.6231717716627765,R,1.5349773027124929
235.0132039332874,1.9510957430071119,47.90127196086269,39.73605484212548,27.922736439482453,7.41484364166699,R,1.7752626695995841
236.43250923872102,1.4418381955213668,43.20673062586363,13.672279505389309,20.3356675919736,8.390388766305344,Y,1.6740014467312114
211.02733561309196,2.5669058997373675,34.23431358818267,15.830179011657231,16.703632528718266,11.623045335751666,R,1.523422208936807
231.27109076689277,0.8464513786061572,37.96466626840804,13.726750521665615,13.432391818310736,6.938116928798459,G,1.5469704041034074
180.8582115980541,1.5709816146036641,37.91851409511698,14.363644442828633,33.816549504984835,11.173157722879235,R,1.4758364540819542
196.72461268817932,2.2244046211102178,15.916581315796995,24.34314746362763,18.883588161219055,5.548573413476989,Y,1.3476040861365195
222.0070642373809,2.670591100707249,37.637061217245495,13.393369050632286,30.84677429621797,10.57437201649995,R,1.6035760150441691
193.10010434066368,1.4239290158918942,53.51868600783562,18.781995899014166,20.412431742308456,4.358262269514167,Y,1.5155362123937306
193.2725494301227,1.919363997734382,46.91733050140117,27.946230385512536,8.215351541037279,9.074797624354177,R,1.5921741829758562
246.90434324401903,0.6728498625181538,50.80688799562522,34.26091712522044,20.417709130854114,2.886119937549965,R,1.784655004080189
259.13064021468847,0.9257977202795724,32.571824539583446,29.245952509340782,22.769072290751737,11.860503566836593,R,1.735808927405373
224.47755424227586,0.6728454061652862,38.803795661083115,25.801299567556313,21.02447677226819,11.53936399862368,R,1.6161789480962778
247.12557847053708,2.319702229996305,16.50676060486952,10.170499688937404,33.568459911189535,6.422136385173777,R,1.5161726268106912
259.2257331461018,1.2201499218053518,32.23490739762046,33.56404605394489,36.87979721650603,7.239352179902536,R,1.747177512366483
191.32767108550198,2.3093632254795944,36.34872202016898,6.3046210797563536,32.53725363238619,7.977748623180221,R,1.4358326983405805
215.8596490603481,0.6659956976081864,26.484400481958673,14.246708213235573,25.39736657738359,4.7503755968967,G,1.4244238817671777
211.4058172673536,2.6563695010208135,16.40584405457924,6.997062092618641,23.950748619421173,8.744714352051627,R,1.410942943289561
186.4039426916948,2.588825495277729,46.068364895052845,28.36001414545619,27.561561054328063,8.98561946604516,R,1.5738599370222748
240.42641382357957,0.7223218576257067,34.57894878819795,17.892987890773007,15.074060375378108,7.250764923252756,Y,1.5720106776868763
214.70232218580745,0.5593912661429663,33.70551869005054,27.821696912170335,33.41463961520398,3.4774069248521773,R,1.5189749815953024
217.5461547352321,0.6407220324549779,26.2494039312829,17.14608357562566,34.989686216128135,11.191859438916,R,1.5050855123503175
192.05383790505923,2.634075432866835,39.20236795491077,20.950925577982296,14.352600711364069,3.150450823456153,R,1.4499308396157438
194.47413217846946,1.0867587226297393,34.71120515718292,21.02863535581633,36.59863728490272,8.291721687105113,Y,1.508796166196816
252.5682897724972,1.8706832946454717,36.32930128630909,6.595322878364061,34.70564533970836,3.030885966097551,R,1.574503173484974
183.57192711794232,1.565610507950142,41.13921067963719,20.057928422110123,19.857036861887856,3.4610070913292263,Y,1.4654681123072566
198.6281827954965,2.488813815571505,15.28460912578809,27.437252709032094,36.81500707324609,2.2053831402882897,R,1.4035369666132558
203.36474642516225,1.7222457536766764,55.84631565922901,24.11182861264018,9.215364783402784,5.633640838567596,R,1.6151082604109286
219.21580339212693,1.7516521016531743,18.198932862528657,7.6349318197400535,5.979529572311513,8.395825644220379,R,1.3980325477450137
226.91561384118367,2.972729848749756,35.29161362921975,28.38195949903621,17.175338895791903,7.21544219732872,R,1.6181731508037995
219.46319806805332,0.8753238918731427,24.331779385772165,15.810196422034133,24.790249458957074,8.745391512484858,Y,1.4459204196510966
186.72922676455056,2.5767598468648285,38.57020662164439,5.505218097265773,17.300491508650317,8.750188608709529,R,1.400209161737108
199.49339632445708,0.629374364009712,27.610354895871204,10.445844497948583,37.97237067849758,3.4017374399423863,R,1.3683886937336835
247.4870707810033,1.694121923932427,53.70029241281718,22.414588006079583,13.914858016930078,2.5733740342171556,R,1.7363147279294167
231.00709603827673,2.715837059832559,32.83619252830891,15.864058066052403,14.842468775743763,8.253581404346699,Y,1.568013688219586
231.93192401074197,2.163034914010303,43.74400000957968,29.30340548137428,27.218966439069927,8.532243049752427,Y,1.7334093971514464
233.6162604281084,2.2130365484153325,26.199587766654552,13.422871644801756,5.135235881959787,7.567037351417045,R,1.4454805784916227
241.03224152316233,1.1582932056412139,15.873276772230788,32.0478658966309,30.464496832410973,4.457624663240708,R,1.5329521106133732
184.6486785377158,1.5464369784036356,33.186954102597426,15.026701348789297,18.2114319082605,10.10765216982254,Y,1.4406223447182283
209.328670794609,1.4164526587476263,39.14189203012306,26.73022976545455,39.22117536751536,2.756860154962571,R,1.5560568852412864
223.1621948209343,1.8036080253949855,35.67962180677876,32.972573308791304,29.1996157560412,8.323117893213594,Y,1.6263814903376197
207.0765186637861,1.6555698253591704,58.2906463718487,18.49446450253121,6.827523427882008,3.2041153587937217,R,1.5627456863711213
247.5583098629749,1.3172458796924733,46.80776282307127,6.638172963541466,8.241973305969077,8.544477164332296,R,1.5659237001552087
218.6058006869835,1.2637015309279251,59.805141028142785,23.740593237060832,8.08588374234555,6.177257878234965,R,1.6408008410450132
241.49020715675033,1.1271322291378054,28.277704064128738,39.83931715405751,38.34177909621803,9.181030554376715,R,1.728980360718338
248.16124135049353,1.4126181172118961,50.507397582321595,38.91471532319198,28.94180394261557,2.5219220247693466,R,1.7760769593547023
220.38331863227984,0.8748536948351516,40.00013103959762,12.735776788045888,19.96621025511275,7.5508298848036794,G,1.5228823015122517
252.764179509708,2.6802607550089346,42.529215950182476,31.44937782984883,12.016894145801086,3.4487789888007963,R,1.6759826697057898
226.96991524295845,2.005298479583568,59.363394019904746,17.07331411370231,35.577391125253115,8.823816316104736,R,1.719975153865712
248.02194390669774,0.8344660639846386,44.429423988800266,10.609536806408201,12.054457468496917,3.1995563131168243,R,1.6274097413384145
207.24726364732194,2.2346483355225035,55.44676015516131,28.307014521087265,29.73377257665361,2.7358332295192582,R,1.6739268131750062
219.9053566825188,2.619166169994933,47.65876056236612,22.530405533436912,31.71635265408711,9.131227981836126,R,1.665268641523511
222.51288328036622,1.0938391801306473,20.73237547761375,23.873069517948704,15.31296310993929,2.6353193456828232,Y,1.411971773118036
188.39837727168566,0.8765014858431598,46.47406696450406,33.9587431782428,22.67201580097248,4.245308179315161,R,1.5245634205584713
211.88420053612325,0.5215431428343802,36.79420149084669,16.779028656059808,12.804624881143786,10.247351971256721,Y,1.4701994762450328
253.38701380413409,0.6181258471412128,56.34590968420541,28.348316584448206,18.262538010942436,10.096883078082262,R,1.770972962494728
230.4665792291794,2.405628370758779,51.30755012357048,17.816701343691882,38.77970393980031,10.54125757780776,R,1.7537950515033647
194.2005265949574,2.9679658301042346,19.686060942325135,6.495336380315022,29.25983121290506,5.260998895887138,R,1.3629215676574058
207.1084508487684,0.6122008061906915,21.02620396441013,18.230528756772213,34.63149721666802,7.280480287502093,Y,1.4315672066656078
195.32824077301598,2.370177397699732,18.13249508093725,38.251206212144716,23.920985001335936,9.73347352606152,R,1.5022937658319693
181.98585054388582,0.6796554146024001,37.19601936350779,21.914186873094597,13.366390975297465,3.369855150110805,R,1.3296274175490714
254.19683668032212,1.980332062259167,18.634729164330885,8.788065289290387,29.950794983351773,9.243908792157182,R,1.571458274130388
215.8565862605497,2.3901882060705946,47.56552514586123,29.073939028167906,22.519878627669826,2.974863493946546,R,1.629069045152712
204.6028057936629,1.3980109931693443,39.856136165269476,38.71827724014825,11.189710383747055,11.132506086268677,R,1.6043289733794772
227.87817532461892,0.5273368027766594,52.614825789891405,36.778083629049,19.43504613663736,8.373101825116258,R,1.7241186889944786
180.58515650344125,1.9879733803135649,27.590810490209233,25.018629323284852,27.219407665570706,6.933053126897558,Y,1.3907587983354126
202.2417685280651,2.9781115703500696,38.361335287251336,18.169826052198594,30.736614983878336,6.8472925466716426,R,1.4759531040250216
236.24267725591142,1.1440435570962393,20.286585865974494,25.323718397823413,13.51272785616231,3.8136204784491037,Y,1.515044993164421
230.70158184554103,0.9737281929680395,54.80745011926262,33.55758717697373,35.65990687722659,5.459173724546537,R,1.7681167483947675
258.54447580340286,0.8098147318837874,22.875223303042723,35.143306970645895,18.28428874761373,9.271236653171492,R,1.6266068273420315
229.6286167726435,1.8881390497501402,19.606301310768224,33.65953597298544,14.489785126246193,7.409436208543886,R,1.5532629379502192
218.2004698902186,1.9911127484006834,24.227276933543248,20.94167324546082,11.829201940880367,7.293062041002629,G,1.4634300979436299
240.9146050547206,2.480677092926006,51.280416992534164,9.160029634958049,33.14599670410408,3.9524589454557937,R,1.6869780225711206
252.26622975712425,2.3826831840512743,19.761653745810726,24.921069935857172,17.395760123812188,8.90362311953684,R,1.5975632261362034
237.65567573746813,2.731353736987718,42.64923726771747,10.475008981167782,21.91896597607771,5.920339010613503,R,1.652498073890177
257.05689788395034,2.5144317458557532,48.57815852768066,7.13354168642496,12.798693824735647,3.827533384385341,R,1.668785119588653
242.56041365905418,1.1181677076986112,48.7986522217292,22.453374170010132,29.013187490912603,11.437847515963293,R,1.7316293384668373
249.34411506095412,1.8896935121894027,23.552739897365903,27.93807075163198,32.336169264334785,7.067987468656051,Y,1.6725253214518656
189.12832569469097,1.24352989773395,17.77307992699254,34.895155724223756,16.879883713366958,7.280366475123655,R,1.3767871538171723
238.59308023950302,1.3244634488787561,35.19628726974979,32.399244388400625,38.07777848799907,11.813719102148061,R,1.7259402182757082
215.2070959621895,2.8298609230749907,24.111840536004575,35.00341794647919,6.071371334608263,5.664061371704934,R,1.533422910596255
224.24830419290203,2.2047397626676837,46.46718640562721,31.602406978731167,9.653008614591412,11.430206845624497,R,1.6892583095635616
232.32819275858856,2.9364760331277644,31.051175984493945,29.613378891714877,25.607546104617178,8.9492536113548,R,1.6524264387409777
257.5852093364456,1.5422813417968613,35.22092734649094,5.354814919924487,29.549240171693288,8.330956327447998,R,1.6562391026871661
258.76624651452994,1.8435939333849414,20.106821989577032,26.913580913322367,13.773904632817064,4.344183019424806,R,1.5538338000856682
203.05825963903243,1.7177885497910543,40.53976289466863,9.21686314486912,24.392488391197197,2.517556723877901,Y,1.4582075591715011
238.70027979503328,0.7682176438093173,23.34858853343583,7.0533496316389375,16.143518646498443,6.377838382851388,Y,1.437378307981294
239.99868303482148,1.0917549863165084,45.55435474117217,10.47442532369794,24.393123596755657,2.101709619957251,Y,1.6194998339861608
207.7194289050439,1.8190909015112053,18.20259701465522,33.81522565046126,28.07646872174884,2.710025107703834,R,1.458471479871586
189.90958198913768,0.6684357628325156,58.91525665265955,31.034728758500748,39.04828187491701,7.95326755694373,R,1.6611112991125148
183.27575682285757,2.828654823272223,45.80371403636153,38.20703418218243,20.94939010074143,9.244718330730274,R,1.5655145010421672
242.18745020233428,0.809609204858427,23.17783055153668,39.264169052764366,27.687561409498322,3.6794833192427694,R,1.5962460698435017
219.17597934535246,0.9949518660422678,15.63425904578351,36.264939523089375,25.231373677197617,9.325004126737738,R,1.4764861530847888
258.8432135595941,2.4133030598465917,30.05083014923484,9.652411784194971,16.114421286065053,11.497258265947519,R,1.658483763112218
217.19787649549224,0.7423363544732843,21.876596882349332,35.74339593237431,13.857244609420212,9.431760807261966,R,1.4482707253743405
258.2333583259072,2.7506952490385235,24.82850999037957,34.35229971760259,39.57547526106533,9.84715219575033,R,1.728371755558078
212.9260801755248,2.314252426806339,54.27376162970503,35.488005095089406,12.239832659553038,9.007125802683717,R,1.7469546934046638
243.4945720447978,0.6715521427721473,42.14420970228822,10.3089965990772,32.659634347598285,4.247374404547512,R,1.621645643667875
186.78554178494656,2.2296176532141323,22.940594386300475,9.087713972066114,10.130558685726635,5.608899421558361,R,1.289771176340662
224.4369368110211,2.0790713554282947,40.049673030935196,37.333310785442855,33.15229442764378,11.492669627698172,R,1.7126647068613814
244.16478295885793,2.3933735818497963,26.510129404124697,11.083932719707658,11.50049550463418,8.612105789701186,R,1.5325990765930266
253.9761333775911,2.5704946312233394,58.929038896114015,17.901760586491044,38.85048254056584,9.890247339340721,R,1.8901869459978713
245.80664724939453,2.2958764079328877,16.474075361866287,20.95946973229211,29.009567980108105,11.686946188446774,R,1.593326404399551
182.95765817609393,1.96544073817743,47.95432899755168,9.355488474034756,8.154138528654011,4.314369205126657,R,1.4541251602334668
209.81618730453874,1.3061582964544443,49.78486617861423,5.722200081139159,29.26119918106538,5.216866673265535,Y,1.5342468491214851
183.8958777851081,2.2431841545748226,18.022324378096513,39.79316644184907,26.126726697354314,8.448016528344997,R,1.438327386075806
188.74258328916463,2.8924289615769485,22.73412139041082,35.683003569223644,16.814118634288548,2.243574737840073,R,1.3789107566407726
234.02445029339873,1.9688044513221856,32.293799659678086,36.931827527272304,14.125759921485011,7.712190773337057,R,1.6407273607773458
237.06065570493587,2.160862171085635,54.066967193808054,14.959707424524147,30.156627361185325,10.086883795144988,R,1.7634075923155916
241.8976546201301,1.5928201054995017,39.164997228832476,12.703555046090369,30.947648053245302,8.104433738241251,Y,1.6396776205973904
249.23652384445302,2.390302024357686,44.48880825032808,19.90532953613993,16.45220471333878,4.953932838961109,Y,1.6890347105100665
239.1545174781208,2.99416848084659,50.23557759555792,20.86617791423024,35.66794887938263,9.241040833360618,R,1.8002101654908893
244.06972736853055,0.9009733101693402,52.2655254751884,5.195980360248422,14.408952661097194,3.4603162467994557,R,1.6555164701718295
183.91709678586233,1.0060131987594056,36.43280443876564,32.27385893959415,7.445254909118386,10.947734692785168,R,1.472649052728688
198.76281203530388,1.8485943966609737,37.895691244806656,39.883346334970604,25.99537456896525,3.009150310404554,R,1.5834608435568056
229.75182187001965,1.7034384931541455,47.31026356895008,23.504180453573127,8.747470049106564,10.634911337624349,R,1.6927099323390928
248.65002436998586,1.928924461266797,26.850406143103186,18.589054325435793,14.683242249326984,6.978094277362325,Y,1.6162569240712317
180.36000999517273,0.6226851193106826,53.4520381364486,18.746316262742116,22.751523756695327,6.286470034878018,R,1.4730764665442804
221.170347369308,1.5106911408261223,15.93540710141287,8.362699626023524,15.022586782505417,7.006617605754313,Y,1.3718516624622377
234.18299194915178,1.9574456551639021,23.80972209943761,14.315663642740411,12.524871984701555,4.002063030929212,Y,1.4706945093164363
182.36858313028907,1.9629783782624068,51.008997436642645,22.574647602212092,29.611489521697905,6.576855795588136,R,1.5592118317634767
212.10844460427103,2.143334904420934,30.31161953517025,20.114680039714408,24.144976949080345,10.497198158986585,Y,1.560369225820701
251.65079051069574,2.3005400725066596,21.74247747115377,24.076216101008857,34.391643688759814,10.00955242218799,R,1.6670371093638803
233.7290247084687,2.1038680083521415,23.40396400701315,34.71729770230923,25.343385812941715,3.6304853449132928,R,1.6015895803593463
199.0126690688478,2.4756078884735873,38.88403808712313,12.88348059448642,21.920652412082244,8.734209781290618,Y,1.4929043860034468
248.22249037055303,2.061901586711479,53.07816882052445,5.968246331720918,14.143972306377586,10.568372649654254,R,1.7476376188472202
207.84251387276115,1.8437691563430112,18.179282209699977,6.337890584895926,32.72230562819541,10.197675886188092,R,1.4303915374615652
248.26757369152477,2.015491072219527,16.371640910609223,9.695908185740043,11.890485299752854,6.256324432971814,R,1.4971062376438375
203.91549208951244,0.7529834168833309,35.93256611265794,24.966904468154087,13.47799438406061,2.4809284034611583,Y,1.4481494828667814
227.22562007065193,1.1828913518138,58.02843367741356,33.286468351327365,34.455600886357445,11.311694229737492,R,1.8334162684331565
211.75520541982672,1.818499451645328,27.555441153635687,36.038207874822106,30.94173840052239,5.95885115848062,R,1.5332953581195568
201.98600406040538,2.682468038504268,58.16267425801718,27.228962069123995,26.45057211428322,5.6097663725634375,R,1.6846429408167038
250.92460497374952,2.1976288907199826,54.94565294655006,19.11001383578127,6.36221857753007,9.59514944478813,R,1.7862892073325416
195.0074945551593,0.7260201961797439,27.741078437438,10.40801478546516,9.454016639965428,4.639722154920225,R,1.2815431845545453
186.78492729886105,1.9806873761110109,51.7626628915266,19.04964188052177,22.498511106566337,10.347479231672919,R,1.5796804372100397
207.3541550836528,1.0543449690927473,45.864028615596844,16.634529686772424,31.121862321901183,2.760515608193156,Y,1.4969278388280765
237.4111318113254,2.335041399471807,38.03200750071407,35.45090582999982,21.243530246713814,9.407112007162109,R,1.7163566637537064
244.59452847810252,2.568602131271868,34.03122643692936,22.035178209371253,5.605255854517408,11.657894904415317,R,1.6680916693404815
259.8994696053412,1.9836406814749334,51.697624016645555,12.916856498408508,11.44944995333876,11.957687968741736,R,1.7713843247898664
203.7089645608932,1.9784065243792743,50.688574471275956,15.108037338552297,25.606834486707633,11.238043600641664,R,1.6201870039985296
212.63535609050257,1.346478608027035,49.06213511741516,9.776455758994114,29.297597089079694,10.707624054063094,R,1.607284456629472
190.9457022423701,1.6156250529032734,59.921517804688314,37.15049071741959,6.169990944916654,4.788802244577302,R,1.5969775127311663
225.98975436984267,2.6602708845383636,36.533060742362274,6.762104618276399,6.516611371117511,11.66648362629764,R,1.574282148558412
259.8064029810334,2.3083008274178916,51.31153400189621,5.449618699456298,14.145854040972704,11.278965938143529,R,1.7461171329327048
236.07048080965268,1.7993841492396077,53.81152651425653,11.404612673440406,7.922559338529773,7.343725070251866,R,1.7215131749515173
227.61702723306973,1.4205809656209274,24.522116165415778,33.3805906268719,23.968118126767763,6.020776543936796,Y,1.556194656978014
211.38952743374352,0.6259493457213858,16.892989892387746,23.321337532087846,9.329569368483817,3.0926725355818823,R,1.3142735345406868
253.22390082284437,0.8575185033159628,33.213678098486085,26.904515058194523,27.687676721549785,7.906340778251248,Y,1.6586392798003142
219.75332769042797,0.9825629738484266,53.55315079965492,17.520608639550716,32.20288617576554,9.005459485221976,R,1.7002410204696052
190.74935306504491,1.433458858146687,28.00964765375296,7.4037294942209515,38.96808323132373,6.03996583181529,R,1.3671591129549345
209.23027705593069,2.8603591176906864,46.50045693303409,34.96553568722588,38.19424365732,6.060295606305319,R,1.6634565889544661
185.37333350782134,1.7628834871468717,15.33066625789182,11.71629952438926,14.567780258234736,7.733113907143038,R,1.2940712405527621
196.15832301510252,1.0871004081480777,30.991399454410697,6.157072019079014,6.029336091811048,2.277840959071618,R,1.294200378221084
181.41350247999299,0.7643753436537852,42.698251264116806,25.04464475766178,16.52942756391188,11.57865896386749,R,1.5024483435034153
216.26239332001308,1.34576381150741,20.83907355325516,7.915122713461038,29.796804154942865,4.8990570709670935,Y,1.4194326196001321
230.76322119614377,2.539326588877642,55.34731104663453,8.351664815094198,7.093042324538875,3.408908617688801,R,1.6349639065094301
207.46339699031262,1.4583569835262697,22.032328970268566,33.01319610188838,17.5899430185,2.054883961345904,R,1.4883442149033164
213.63054172042217,2.431264515056034,55.94070952517976,22.206335626129842,15.431209164141743,10.568915413857134,R,1.6552532878692863
256.7367418275661,2.506762440317197,24.73751889073386,13.452795828650006,12.677097253664185,10.632073757996691,R,1.603445986752921
240.15704972599323,0.7770519242467604,59.74254032621283,17.201924817583155,29.714576415561034,2.953066045177101,R,1.713893844452195
223.2685309555961,2.0216493815669594,42.21369209830159,30.523434259511003,28.06839517585309,3.52241302888801,Y,1.6982024153096273
202.76327000894602,2.897740158427777,18.795520249724007,7.322395066481064,23.742293291202017,6.47902231257768,R,1.4184444775918548
251.7597439018396,1.5053451872588848,17.93747555153969,9.076821557662347,36.87711238885591,3.857041730663156,R,1.5495527031856633
198.80776935045276,0.6273602225075556,18.371476331676092,26.569171224669937,8.609859845559535,9.358211368367568,R,1.3502490532974214
206.02741844133416,2.8082567256446964,41.54517362809283,26.244010706348753,10.239122856734578,2.5803974570572237,R,1.5197330241554055
252.72518515383587,2.709165703931207,51.431064104732336,39.03617645873801,18.420738772679456,7.49709332385866,R,1.843102604357769
222.36336442280577,1.8053536180225045,33.13332337967276,18.109231843940737,27.955871815201522,5.827915651139041,G,1.5275918802226787
239.38543595343813,1.8806328008600242,35.01760916768378,7.277716951213055,25.442775228589422,6.649464836922515,Y,1.6154802530039472
227.2595835331013,1.0293527569403123,41.517946664908266,23.813810219736975,7.5914940613776185,6.247571176956018,Y,1.5745746616112675
232.2751367207596,2.5486268888615933,38.98682721538601,27.34213841166266,38.54486813112636,3.5315918253465366,R,1.6725231844320916
203.95066332118606,1.746500095980316,45.96277798955715,9.886097502518718,15.677268576148702,4.202814853085623,Y,1.507147607621145
199.30976493013304,0.5846944878563913,36.2303574073362,24.350169073731884,17.564041482408285,2.6480769891042657,Y,1.3917088597176215
205.7993877734932,2.2075373911224947,47.12373082788304,11.921849258039261,26.827042966519823,3.152855752990712,R,1.5361091514734377
192.4353251266738,2.8762406745067652,59.87898341459854,34.56555202583739,38.08079311109071,11.778948224189149,R,1.7359371421958398
249.9451492232646,2.5728762258643756,30.76340290119442,34.230652352434035,28.19408836861452,4.79786811677252,R,1.6980437034023892
202.65975466000913,1.1929953505263495,15.549695831190785,20.037018359945463,38.41706653416964,5.070255393395643,R,1.3653159323666415
224.91915155315075,0.6333127123333516,20.653127049824462,38.83601166794814,11.565689158716765,3.2710633043212107,R,1.4656630233163226
243.35795401130991,2.8508785313454514,39.90813832441292,39.29208560574096,26.658347514052725,9.551642044967515,R,1.8050113512481671
242.70592875005707,2.8426568121992535,30.491600421509343,9.523788113166683,34.01076121566997,11.24142810187282,R,1.6550652082180388
215.07090068673543,1.8310382992821734,57.299216716724665,17.86998316913637,22.81585638891965,9.89750537066651,R,1.6831155838748437
218.10058468693805,2.105793529178838,43.23507405483223,26.01125145163256,17.676078654026917,8.126158294341717,Y,1.639080867006844
259.57613991480196,1.6565001517770206,38.41598336844606,7.969323335350554,39.4665485511157,10.132329156105762,R,1.7005785538780496
233.96779815832193,1.5494134177468966,50.91177755724084,18.392942633494798,9.934556913883117,6.042302329328584,Y,1.6719122440636036
245.17107544943062,0.798621089821751,26.636544197209282,14.141022940580676,19.38253346350298,10.594973550806875,R,1.56281752804365
252.20431753753854,0.7418822459027401,51.88823431270619,38.321757733834644,35.568081339623106,9.98518849638182,R,1.8548046859373823
243.00718689834713,1.0818303666904687,15.137749718884182,19.405503799101467,36.51682612770723,2.01724644256319,R,1.465322080324533
194.81434759628542,2.5916018660163607,42.885481296107294,31.693480049162936,39.3133735545921,6.87794134917517,R,1.608342412601622
224.97365869900577,0.8645807518391999,57.06407179706005,18.53468772292608,35.96966572925335,4.646165760792262,R,1.7314201448825577
188.15153258516358,1.0667466297867767,50.45369784152415,9.61342246465924,6.783495888559439,2.8623291636769546,R,1.4112576875344938
232.23377012511986,1.8715351483055187,53.413538646631174,35.210303555629665,37.54182748696209,10.461960427477749,R,1.8010982702380234
256.4279542550249,1.037828045195686,32.86296128271752,5.014592091608635,19.985851699237486,2.0794968430112233,R,1.57025783189741
221.0185651440089,0.9080167117944677,52.09075257450568,6.957930589105751,27.80667156098037,9.301635020553602,R,1.6048698459939459
214.63779942942136,1.9082906042449057,39.78742492636199,17.753454206396512,18.79965542084917,11.88192120997186,R,1.5984265851231403
182.86742011345305,1.4202331774915387,42.83431064264395,29.04143894315578,33.4783826814742,6.820197667062357,R,1.5050902524016436
256.78196178633766,2.065398214601173,17.651190270111158,16.95965033517715,25.15717467129681,5.712405299414346,Y,1.6021504892200744
188.2402147304127,2.780513351021691,24.069826372847647,7.320948616734124,34.594062489390154,8.058329544747135,R,1.370942105456617
183.28632746438777,0.8774828285876691,39.79339869810987,16.12440118069521,11.782001503226853,10.046978276476722,R,1.4555834924341948
199.68532892039508,2.78358414953266,17.646047602057394,13.574330064655681,11.474408316421579,4.402519937752788,R,1.3105993223523122
185.2424347134706,2.7562249185572965,48.365106296447095,5.189692993636928,20.413188055467543,4.507014291535362,R,1.4477633850146407
216.40942739294098,2.572718958339757,52.80256538348557,23.718066961314065,5.166304073686819,8.071780140868468,R,1.6933453739019477
221.287024100569,2.078214793265213,56.41630625826622,9.082607016046513,29.249853421369032,11.398798208543052,R,1.7051826679280213
205.00559592228672,2.0503666436638683,19.579580663091267,15.062370107883314,15.361880473280385,4.984399757587635,Y,1.4238913237820836
184.07683860599087,2.098031649841254,57.287411161026,27.441644057784508,24.505477117505745,5.767546632290131,R,1.5886335856266751
188.92802945993813,2.2262388780445326,18.042900343318273,30.3790491088042,7.45012461612964,11.933333014602896,R,1.4134706582291223
210.76035023919425,0.5412055014903925,36.332529716751694,14.220946939960788,10.97255257839429,3.7622216520651577,Y,1.4757419396093232
184.84227606612288,2.895231447901624,52.81129592825153,16.521778487283193,26.800070950767648,2.7696816837530407,R,1.4901931569006155
235.85517804879308,1.9640094036639495,18.16400123540049,13.641823334461284,15.698191948886508,7.897552388806061,Y,1.4417777111913057
196.56164332198495,2.4536645985060543,15.820398284504263,38.49110101106672,12.515267990497179,2.2426698842163297,R,1.3712783509653808
204.1657255026911,1.4432045976534078,16.12264734179928,11.668190444559098,13.009627528271878,3.804332312748227,Y,1.3208570308251486
211.5300621742478,0.5309930347894899,38.00716077462151,11.41132112717867,12.51867776539234,8.22209180690468,Y,1.427886103038772
213.32877064553185,1.77433664969111,51.52185350684984,20.57623535410362,26.79978323006919,8.59512400691333,Y,1.669731960888648
180.13285661398405,1.7679752982898225,20.734200198266983,11.62572257201992,10.869192506430998,7.104252496476197,R,1.2873125444307654
188.9656296798958,1.5924732207786294,20.607461433579328,10.484795969996284,17.69472257129616,5.837480462293833,Y,1.3492245315515539
249.02116509927026,1.349292635405192,40.58460847724062,8.355783819537992,29.076040295770827,7.761975844218483,Y,1.67862219035727
180.09864500095264,1.124565219524305,25.543302036536566,27.40599368378873,22.97848700716777,8.433857530332387,R,1.393872265140255
220.65338846503,1.818862186242957,47.85961808151932,26.42287892156636,25.904830477141935,10.034820462916507,R,1.7266741864955004
219.16016052057665,1.4381953492337352,57.73359246795374,27.75570121572882,13.781744281231198,9.927508282098474,R,1.7308959585706214
206.64753288085103,2.9248297076245215,49.471503297018586,32.06550028032887,37.6450205607822,8.648007655149478,R,1.7044504796740987
214.50616161171598,0.9323182694173286,54.47289148705124,16.422530447740154,19.485773691071746,10.942325832284656,R,1.6145020027039068
242.44649100212675,1.2991639190677176,38.381372590725164,37.14483067641726,15.043737781431709,10.380252535954188,R,1.7088047304923266
247.29629649719652,1.2349011773114276,52.454368689789,30.66216138740646,36.65141644204653,3.332460082179402,R,1.7827450915391836
200.82788347322,1.8582729405898926,23.230643279400706,33.164800600341536,27.935136534253544,11.566794413234835,R,1.5241775662569135
205.79923527741838,1.7482006424353698,18.075655067803233,30.23367573393489,26.488105209845767,10.917423023179204,R,1.430326677527364
199.39862824226662,2.1093511635606825,44.51788995561087,17.54594759013966,36.03571282581588,5.209271795079598,Y,1.5461766996703428
218.3890720440852,2.8750044264355195,17.337862669112518,14.906137082192222,7.048910019498455,2.2018441860703946,R,1.3823157049249264
234.66066861270502,1.2130527137346685,55.161663861285625,19.788097435265495,34.318782920265306,8.039759467582876,R,1.7584051085997998
198.26023003707365,2.2319289231374912,46.11993661983384,8.396062618667546,28.725252750678532,6.38417576866388,R,1.5592068321151953
206.45885936438933,0.562600507512959,57.84903264340104,20.794817554808148,17.599747817304525,9.495666625861318,R,1.6327506535704568
254.43076940713203,1.1559711818340612,29.124899534095604,6.509934408333394,13.972296988334946,7.245997645086225,Y,1.533369610539888
183.88554318775664,1.659299319991482,36.87712391407294,5.138108600951807,8.668206495854518,2.764904352509468,R,1.2709007252669284
216.86156841916528,0.5774869712028361,48.37606642703035,37.602462881614244,37.93759595863415,4.446874202547758,R,1.692744373326248
236.92464332774222,2.0441736513840976,25.925054345736925,29.126790120576253,9.966923616533766,10.825237561265295,R,1.5872066432246812
192.03632092459793,2.1957765210042703,39.38319690502501,24.66464314730891,14.08034875058095,2.376896957150501,R,1.4808260878679849
183.78992160043856,2.3668292870951166,44.67602737524651,16.938571379807023,29.188751284931445,9.36669669398287,R,1.5564924874754105
191.05642973108246,1.7914362621075306,59.046389450116855,24.968830513977593,29.85533532600974,4.919435079514323,R,1.5781013515067428
253.50585548245465,2.009861662446567,48.51164824090731,36.20515217184161,10.626904661090789,6.5263980304249705,R,1.8107198414171215
180.74078254568988,1.490163128196218,20.31588826255833,27.833304688035263,33.49459062679696,7.310054319116086,R,1.4108605415073172
195.06575798490815,0.6031325812664063,36.39000531224896,26.086869928372646,22.860054421172688,4.50081357307201,Y,1.4776985796247515
182.50268103213156,0.7498796394362826,41.49468523453074,21.10715760400873,34.695983734028815,8.519604429976628,R,1.4260424334066961
188.85035740497625,2.13748981050366,21.598041428895876,17.09939607278003,8.054988644664059,8.934422180978762,R,1.3286433826618194
229.6119429302637,2.988888248964441,34.438472564148526,29.44914898725991,6.499049968279138,2.850594796707751,R,1.5565897834804243
199.33111269912686,0.5395080979082405,27.780261735112035,39.3343329355535,27.29466335230224,5.7392707585142055,R,1.498755810698931
225.53696403445414,1.893958742065957,20.347239401791168,19.866519273220653,10.250832898843589,9.443773012062916,Y,1.494662871657196
227.21563062129007,2.377521882206395,38.04188700585546,18.72718214049703,23.373216600665497,9.216375598411318,Y,1.560882945866902
247.95482664718233,2.5669370700346965,22.453488645555545,19.983971532776486,5.493806574957805,7.446033439052391,R,1.5597072281495836
180.37931143294992,1.8630122530566002,41.57418338635755,19.89403888174025,32.297524119187,9.776747798680141,R,1.5197511785731885
248.26955674738934,2.049789950460263,22.636361950883945,39.67186706789733,36.48355595624756,3.0764489303984326,R,1.6659719404905478
229.5295269141579,2.2418123631863835,47.56177156212695,29.737239012826922,34.36089666875008,3.182112678445301,R,1.7115536064558408
193.0194788883966,2.6474156242335765,23.78587303633517,17.571455722370708,38.54234846026464,8.574893002963448,R,1.4413136265989905
241.83499105082274,0.8057238430070466,55.33282953492673,18.002583083935292,36.60835141305763,8.933338678951289,R,1.7387827630292159
248.43932334324685,2.8154554906871585,16.179421044696397,20.07789236604195,20.54063064016278,10.145268553210702,R,1.5891291288096383
200.3410787003326,0.565043508878925,38.48988241705812,6.28492656531574,18.94218729552763,3.8103687777325703,R,1.3910685250305432
253.50349447221447,2.5904993773944383,29.40471446489461,23.47357407074375,36.366428379004006,7.1677165943110515,R,1.7178032506807746
216.35659442389263,0.6918510663992432,25.128443659856586,33.398333303296766,37.44285783750294,8.608312971355824,R,1.5700730698691712
228.27395634666573,0.9865705290123057,36.22212506243166,28.11987276226287,39.049258191131294,4.236995738290151,R,1.6175763696299437
258.7719626894115,0.5097353659528315,52.890879134591735,11.944729636653957,31.891103219497396,7.169278655939907,R,1.782078591717062
208.92288629113594,1.6131417638401018,56.18747424869919,30.481198448242946,12.069609047948312,8.38445024390596,R,1.662449988743895
245.05274766560905,1.3358980667934808,28.64618781665306,30.18105122162106,38.073394763875285,4.144495114776803,R,1.6068855364848431
205.47192942627677,0.9149822787175683,21.940962994278205,14.188872547714897,38.14995133856768,5.755634102501414,Y,1.4146988953490385
243.93708177931927,1.6277254020097658,47.40632014048383,26.80061298999273,28.314597736954,4.16338810135708,Y,1.7292090832252314
228.0587135090114,1.5059272079304595,41.18994264551947,26.383216159267764,35.004809322231964,11.029429044285987,R,1.7091945368807377
197.3084556180321,2.4191525817468538,24.045726690490195,34.39256683496636,24.64117474073833,4.367988819299917,R,1.435518013018393
213.1220875031389,2.732825765175081,49.21331046393465,9.762530914170444,38.044443089410294,3.2083462598579695,R,1.6451034953036137
205.41085074908494,2.1314181294177046,38.35186958589635,11.819347657903297,8.287773880723192,2.351553115271437,R,1.4527625720294401
186.2486714464291,0.8110259718163098,44.40278397783334,22.008932631873183,35.23872937696697,2.4495347241135015,R,1.4594722480242661
182.3867816079758,1.2384769867746266,31.170256528352493,6.545080211230746,6.942627016299877,3.9158623496681693,R,1.254343344493148
207.71829243257446,2.7832957420806994,34.75939025860692,19.54579691605973,16.868746827630716,8.082085113069523,Y,1.5586589561025321
181.52273182539892,0.721836232519723,23.1153944268724,32.58766646999031,9.736397491534166,2.1764987451112265,R,1.2817590400354468
193.239020606542,1.5171395984770661,49.04321404404034,10.205003789439939,21.769728236201928,4.867439247571472,Y,1.5383574525796029
238.0146656680695,2.8562615480837033,22.065509586830636,21.09820579277837,13.128615529736448,2.5816689132329933,R,1.5028242081002867
236.64729885468702,2.876662103673714,50.02361676379776,39.64192316838556,38.3225332766899,6.036587702991676,R,1.8768418903820296
239.08643091659061,1.528007942622231,50.910353469806374,22.70720046987025,24.576246677869335,2.485767378298576,Y,1.6857204172272513
205.3722536903983,2.1684922202469936,48.59704338248047,22.441333844273167,36.420575770630364,8.075417766208279,R,1.6813259504859792
251.20155656941563,1.6418639958849974,15.874025462643319,24.557775430345885,14.732046416790283,8.884242655190153,R,1.545893623791762
227.50644384227581,2.3836513485908544,27.29099456730031,11.510152961645943,5.909214598129628,9.313375496437635,R,1.5024467590445503
190.08210733973013,0.5789533267324962,36.07519842563162,10.150735894008049,32.14792512893726,4.24343398646255,R,1.4051773983910287
191.49749291644272,0.8603928723033961,41.79949704225581,28.707412019028798,29.583218099019017,10.685001619617433,R,1.5685760549171575
235.44763415437612,2.0354970088589983,56.36499447160726,18.851838346701957,24.092207598596776,8.902881673309265,R,1.7854779794033577
193.83551491536625,1.081380656107659,31.902268745791602,15.146731987541651,33.53699554052244,2.566502192998204,Y,1.3828785647863808
220.58341612656346,2.1651307481728717,54.37604934482793,6.098706697196415,34.402953042684636,6.407667087014271,R,1.649008800107776
259.3419580742968,1.3780573186532459,22.354317966157645,34.61176740124689,25.576615780636082,9.677564933724812,R,1.7245047290593258
180.32060837866715,2.7166138953195533,31.707621937888213,6.1315103045691455,38.807472714887794,5.108939267202297,R,1.3646643215783498
181.32638415180455,2.5481484638999663,17.352690486959535,31.249409342916177,30.189918166606454,5.815587739072647,R,1.3986779011959913
259.4467665544405,1.7320945001719554,48.412018097503,18.369599564950335,28.690638165692004,8.29603827296543,R,1.7835871288103238
226.77110673073324,2.432237717737144,21.779374084481084,25.954073367662755,17.64976273955259,2.554808801158978,R,1.4998822030314745
190.15279804148105,1.1778447155877259,26.5659007041806,13.668730024155682,5.079050251000268,11.669350405079173,R,1.3646778945095785
251.7841759803275,1.7356494420296564,49.885496348694666,10.43898831812256,13.43299358629623,3.7448101060972787,R,1.6528221725982926
250.43042401021538,0.9937051296581954,39.06225228402195,23.66858002922316,31.737217738512044,2.2667199964626032,R,1.6554878117438967
222.89603304891003,2.6522154213024844,15.628772373830815,29.346619323395025,29.845493905301094,2.0532298204042023,R,1.4873407454160659
229.74336238886053,2.557669041421037,15.100584213632871,11.84226532308013,16.585775069053298,5.995543749993957,Y,1.4345838611409107
201.8549753200701,2.755374171022503,37.97972842829537,20.272563160139747,26.89540410884536,10.842533654753776,R,1.6141948673067161
184.04157570976042,2.6936924530606485,28.722998118713768,20.562923960198848,11.835061781559801,10.19762079217929,R,1.4465774896847186
227.56540871126916,2.898990655148737,23.114015069782972,12.559270217781197,14.226970174416541,11.12045798249695,R,1.5325419848291293
203.58041545622103,1.0708405790798148,42.611727197224994,24.776730618824587,38.15928328658738,7.3378231932889895,Y,1.5600222517839164
233.08968373282815,2.8295607269882885,25.27964122728422,10.107749037359522,19.46132005274581,6.4874623387516435,R,1.4988835162708047
246.8996141474081,1.928032978379994,41.64932173582265,22.8412210661503,13.574565800459908,5.858609761067945,Y,1.7269735742264392
181.45284351314913,1.5562377097953803,32.066967776382285,8.970102897809982,22.0487886393647,2.4641807579130584,Y,1.2908370007306689
227.6571019748582,1.9009347399196825,23.403579795140537,21.99398430992981,18.545555792557817,11.095212563051536,Y,1.5514199439638494
198.50244317494818,1.3565058916256945,21.21471320409369,15.90596692064449,30.533516307218697,6.961760922847275,Y,1.3953681831660338
249.9110798323041,1.2213825174023802,25.65872714072796,20.828620222853726,38.67406372718084,6.5506743105151015,Y,1.6144606167353062
200.29316052494627,1.1032858449438219,16.34244486058433,20.181227580511095,25.710809856019214,7.151674870141173,Y,1.3409677120051917
228.86161065883346,0.7060699736428171,28.86571329163208,36.77765929865075,25.690151542792027,9.941545181142004,R,1.6002625521509408
224.28326720716893,1.7414122428679686,55.58796105818074,22.147745998476196,17.769185055321906,4.24471085982564,Y,1.656478923571428
211.69332000473992,2.7194041892847185,52.41129566473627,33.647461635690604,24.762082619135338,9.099006789949232,R,1.7125482431103078
234.20966108798353,2.0753799231859618,31.74016905238465,12.897833751910033,16.176510323549834,9.107697408540329,Y,1.602058270954485
238.0615707772347,1.8024390818894338,40.91251283618117,17.32289781219906,5.0382226009319675,10.49552782258183,R,1.6368556609791436
225.35502362555093,1.5714822956272911,40.531225155632626,7.6281283221616825,35.31336605074698,2.0868359846387,R,1.5259558967524667
240.67377897478033,1.6610040657929799,52.29318926371705,19.726172818752275,20.030542993259683,3.7039554323513206,Y,1.6989138354558775
258.673366079435,1.0231933689298773,25.633054568263454,28.404496047622587,22.223096976889885,6.710468520447555,Y,1.6631817668510733
213.5417910320644,2.557339692982743,28.337436995685557,34.33584619382887,7.922532039907487,10.505403874614784,R,1.5599705701115165
221.16664415084247,0.9959574082038201,28.58034451855252,24.80702191297043,34.29886796918872,11.65116861627984,R,1.6040489617442548
180.99759023529705,2.2915568918182823,16.839149539725344,27.40254343575775,10.961797463215664,7.948686146794014,R,1.3051599738422495
243.68228450483028,2.3999625287403816,29.160953848013648,11.204347716593185,19.371740557451055,4.121339754230202,Y,1.583666962891524
221.6184053636795,1.9371726050693356,54.506119946460316,6.302211338170379,34.40929414723585,3.8458469582464563,R,1.625700854397193
212.63691442884522,2.657315937387071,56.03944414071665,32.709085081206055,21.022402907473182,8.394439539862674,R,1.7357351174448137
187.52575704715167,1.2276258811266252,19.93359055958477,10.846337260445024,37.59033174132623,4.100691470594046,R,1.2906785262282687
251.17251373403178,2.704043053107158,35.61263437282941,8.190933743646335,12.32600061972414,7.5308742392088615,R,1.5973471574986355
211.6005792032445,2.32352614899826,32.16070057144376,37.81468123173084,30.033149048417,10.348119291439021,R,1.5940975633248597
234.6065278567376,2.496874569404402,37.02116384805245,38.72324774207118,39.22994832466046,5.8981964846209,R,1.7171407375928345
191.94993250945205,2.1614492738182856,39.96237858264047,26.56900520608731,24.23647730271088,5.784721897419292,Y,1.531353848248566
256.9239703632826,2.6158575424749233,15.911644200798573,18.25230454405527,29.22643645253975,2.3614033689107377,R,1.5364215575131237
194.27534094574648,2.98274715679409,52.900901156452235,34.16338393374182,18.762933086035297,4.540845784245549,R,1.5937327427065728
195.96335943195922,1.5504071363115965,58.81488329280023,12.165198576739435,31.296806890391412,8.981914596192745,R,1.5879043282627863
248.71862884461711,2.5347892092739257,44.4032165401639,20.02873146003887,36.81059197833052,5.603912451321964,R,1.7392508068987758
253.0066195313545,2.361449398795084,44.72035073220161,17.49560546502106,29.60694484676852,3.58298917289922,R,1.7121042020930837
196.9717926018641,1.632175414280045,38.75909360238188,36.94449967595885,37.757504898334275,3.057677337603271,R,1.5572923255730777
217.58407105398624,2.81737249933128,30.042303527147176,37.19220953767958,25.60284281973084,2.9505337815070893,R,1.6116263350286506
238.6795923650264,1.4860648239314869,21.70400208807845,27.781007421328322,25.199810415783702,8.591334331178953,Y,1.6142398925229495
250.26925870486411,1.913664790690594,41.28285042132228,8.875904909544214,15.661958583820438,8.126214787935487,Y,1.7034549455062575
210.32421560298442,0.7648558924774038,17.022363157914317,21.876747638040587,29.836962190732507,7.185210056020849,Y,1.3714302433341965
221.36155894795434,1.0644379851656656,52.102615546134324,13.586492817841986,35.86833826146544,7.003264481591394,R,1.6247037648624092
239.3373128415788,2.6017404263344015,33.9410264761777,35.972048211456865,27.621067914512594,3.531368526878716,R,1.7012136702773282
238.49087813222363,1.4913818070721183,33.663940087288864,9.844097965567066,13.156372720950403,7.006042247600872,Y,1.5343729540601692
242.63681040208678,1.4852102235381455,29.72268863141576,6.900859655124758,24.04381901525903,2.599377766003799,Y,1.53270098430953
225.59470549132212,1.1149525454765505,58.62092499143639,29.65501617425274,31.457809593299526,11.25858458602688,R,1.795963029129855
188.369207744382,1.7290258357436359,22.871262874682348,20.86501262388535,37.87771602054635,2.5802755400260686,R,1.4090832423547845
252.3178632702432,2.514542403376556,21.808851966384502,34.34277106610796,10.480861733219388,6.235301948939185,R,1.661112319499273
249.24580314568226,2.737910294434349,22.44891756952636,7.612037090925911,9.46239818382962,2.0057105640317223,R,1.517445618695496
243.84779486546665,0.6752860801104597,44.633736728284376,33.03766464127449,19.45302355815171,9.861504387832445,R,1.7278038049683198
187.98899817285837,1.9370518281002886,59.635289342831925,6.306716349545542,9.39639093119138,3.6617018853563,R,1.4850762665587118
196.35178936651434,1.6681834197308363,25.59638266807896,5.982450416988494,39.315011937679145,11.249160178216782,R,1.4174359148144073
239.48802920861215,2.035704626178946,55.75278286803695,21.14605131058604,19.85065285488957,2.439777478605645,R,1.6797738422825585
181.85120756655573,1.6181892172706729,27.537745164367756,12.745195138822814,23.676368167376673,10.207873345644268,R,1.4089511629435056
258.3379706965824,1.4966120521335378,44.15549640563851,25.78015474522857,12.948072345246995,8.566378128155883,R,1.7727136485929436
210.17157442845445,1.6797017810737234,16.82245283700155,5.903594797401465,20.719414323792524,4.4973571888589055,Y,1.3209341592944817
237.54500269526588,1.9549978218910353,37.304428855928506,6.238633982704249,39.46428772014269,4.0241960923059485,R,1.6228005209123268
251.00568707904347,1.752458027579442,44.45564848255418,30.450197366017914,22.104050297843933,5.576779333770224,R,1.7339291799227057
211.57039105200658,1.6803611275516155,39.13438997501829,12.355780687230908,5.308837403157018,10.284028831753549,R,1.4636714032188074
205.5305990879733,2.544588274895202,25.7025923196806,27.974599328125674,13.48846355877207,10.619565483354556,R,1.5362034497175938
228.69929031185973,2.3641199780946445,52.2823626720562,31.247275652526547,39.245919066747646,3.752853795243258,R,1.7247844568538602
226.47914989984406,1.353446235452982,58.656143005720814,7.076590800373861,39.61736296937564,5.534480396843307,R,1.6753725842444975
212.73119820998377,2.5014427937883013,35.66382430614294,31.94138840624837,12.367258142009698,4.374913839022539,R,1.5637306660572952
228.1419804694167,2.6341266725112504,43.61636693351642,14.39474262864501,26.53424307453487,3.2264284763789792,R,1.6221438181499888
254.83050956531957,0.8837305134354763,50.56859707555076,18.63410853699119,7.691791567689506,8.46449387528928,R,1.7462576234585632
217.4112205301277,1.9567061543268969,25.867007727980727,8.032371730336084,25.21045748556202,5.458710232355353,Y,1.455800341489503
195.7393744600505,1.2132799839980344,53.90026718679535,34.35204941776985,9.407224552025308,4.253840447763341,R,1.5928220968521871
210.1764786306403,2.3479308048168064,27.609040738949886,24.625507521401737,33.65315332749303,10.659977735019762,R,1.5412895538306994
211.5285586074495,1.0969633233967082,49.91238615818575,22.663284724651028,37.88512456607855,9.483179309035664,R,1.6668932665948433
190.4886954420976,2.1785088104325796,20.04446545918899,38.89941838159645,11.054538281731892,9.737611486963425,R,1.4094088397975941
193.02972004436438,1.1378116401440848,27.977401653637635,16.707701597923478,21.19492590081884,2.3919589118328015,Y,1.389323493030018
234.76496587149418,1.7778594085748578,39.012897027294045,36.177275026684356,8.571504946612196,11.151304492310663,R,1.666199673271357
207.15822033671222,2.8716161697904803,38.62149430669418,30.18907583726115,16.869900247554124,7.747383779742352,R,1.5863873193766027
256.39187134846463,1.4532688461410863,53.26940330188648,37.49848475482836,7.278421416618427,7.038028046845188,R,1.7912028409361145
199.4877396286886,2.6893462149080194,59.82572659373732,36.77307184668609,14.259128480609947,2.1058534602778116,R,1.6485983185190798
187.91396040838578,2.9673614530097367,19.824488063706326,39.68604317591244,39.657828348125555,10.976622104341047,R,1.5270383427572622
240.28036504002063,2.687127122012908,27.21246597712667,9.608686321300514,6.561114356249065,7.438904704860006,R,1.519283510726835
250.4828841534296,0.9146650743083571,31.09191946003841,32.860573723205825,35.06389153665347,10.251534623405353,R,1.7482967495619568
202.24906854971903,2.549145548837908,36.55132835145022,33.15730242316261,7.71084022139367,8.555109607382938,R,1.5630726411472369
196.16704813163824,0.5803734877514031,37.22593844194796,27.553073486247037,23.514892589107603,9.966936135108805,R,1.4998544612795655
194.86129078968696,1.4832547092482695,53.528777841678746,14.76013353833707,20.824192734957098,8.929317485578023,Y,1.5590524638037189
221.760984109321,2.6768334332946595,49.67516862532949,38.78018950699103,37.604413100722574,11.209639023358267,R,1.8416344998096408
217.4733312997417,2.2218805318997994,15.8483210567079,12.154774826157336,11.966745179978135,4.254841863395497,R,1.3911066958406995
200.75518718836275,1.8318510683446951,35.47597922624345,22.485138242545364,11.28887053828723,4.021001047329072,Y,1.427512337300351
183.6138493591541,1.4696600627065513,42.813322720984,23.25204894867152,31.20499309987413,9.12541561945122,R,1.497675124747161
218.51930722610246,2.530742366175715,35.71780141918605,10.664027069261358,30.400181558512386,7.01394800583469,Y,1.5638307438687247
256.74658781084867,2.273896009870552,20.879036521156603,30.28850878166343,29.471361967247955,7.991611703348701,R,1.683598494050289
232.20153606021307,1.6710132990391833,32.88633376607917,8.110350746308391,5.914449066033326,9.08542469191227,R,1.4924928714008294
219.64052453028947,2.7312108430241495,33.524506280838125,29.258422259634884,14.098589035371804,7.474281970000026,R,1.6119224322185945
188.8553659223693,1.0748700445465809,23.447216510239144,34.70154237017229,34.39633122490048,9.876934476661962,R,1.4428912851425177
200.194903243967,0.9259787728965623,49.033820151192906,17.22887487788398,26.030034250987043,5.1886735593585245,Y,1.563115177418243
203.58191596596342,2.107009410833954,29.463030606411458,29.829728300972008,26.076822225626355,10.589904435996921,R,1.561418146839546
241.18428420857873,2.929985856754426,41.504428075587725,10.487090285174745,15.357081189168408,3.0767635292560076,R,1.5853997300893534
250.13686378116955,1.1181414332669257,38.20785814314454,34.60821505085075,14.106058099493175,8.340039769611868,R,1.7028180849473327
252.13134828531508,1.1241759473345663,54.484218564737496,38.321109449362865,38.12942108063891,10.901325075267977,R,1.8905617942680495
258.7654886600603,0.8487471199054748,20.49067193382772,10.34427927249219,30.47143475986243,4.526941279017047,R,1.542374354785203
258.5893346483626,2.6514088881840805,20.141835371405705,29.215081589031627,9.440314123064315,5.26834674923913,R,1.6149872118481614
256.23993062143853,1.065993851028335,28.51438511053571,22.704088379478403,37.81974297503174,5.054417784927389,R,1.622829873026809
185.74577124023074,1.7579463168122196,34.40467356566258,23.602476614133252,25.38295531363192,7.642637117750338,Y,1.4219473340253237
191.0234828742244,2.9771811950055116,28.434401193846277,29.727140151024088,16.667682843498085,6.128718155651486,R,1.478617381994252
204.35732211808264,0.530352252305109,49.34341870778597,22.105917476775303,18.899880623985943,3.079592849949024,Y,1.5325860415364023
224.2318603251569,1.8912152262769852,26.036962939918485,26.011423720620087,30.389157862341637,10.912872217564601,Y,1.593079096712291
187.75823109643835,1.7807226067623645,18.814863424751014,13.081535679398202,18.169542809012924,4.046766291586741,Y,1.2923687096974235
247.6637566241714,2.518618441025387,33.62099144478664,18.247730877102057,25.256067969151246,7.340800109885296,Y,1.6482710395166218
229.34049432618474,1.3882038488819424,49.80206796623178,35.28341225250257,29.86748238269417,7.948048959372615,R,1.7552620485558443
223.3891521841764,1.5258533972476038,53.27528746140336,8.846587907693497,11.838124905708758,2.407518436475417,R,1.631445480402829
193.2249058693833,0.9198449514971592,48.00051817635079,25.915134132677395,38.04845201848923,2.9571232765433724,R,1.570065008187089
200.2604379520158,2.352038079089467,40.104900532488486,11.450047178221158,17.466047000239342,11.716897104295516,R,1.5175991362779546
192.82496199858065,2.4617722729703706,47.58862657871295,34.628885927318024,19.678116497692002,8.645123401493825,R,1.605911903530645
248.1546526235839,0.8416583019470756,45.662529088673764,25.26653838487424,29.44800287537372,2.335651770464269,R,1.6206943047799325
226.73822880489746,1.4836426849708044,25.54649846227774,19.106707393459487,26.307478128571745,9.941992206529989,Y,1.5692489360229165
238.81035420157068,2.7322624884067075,39.78415014914372,13.743863577813627,20.404194292871274,7.085428092774855,R,1.6649801042940937
203.68262903280205,0.5067681841894679,49.67741996872944,20.289564471637206,27.7409714105277,2.7519957207847563,R,1.5186833932738903
209.70021096706216,1.2468976765565807,29.27042978438122,38.51643140726098,36.59899076502156,8.807520980477912,R,1.5526769419359014
212.38839715412269,1.8876057126313692,44.42879160226191,22.82232514102672,33.00992658258965,6.9935180586846855,Y,1.5914978945878053
240.8011977395228,1.3352346491498832,36.66661923834593,21.432133609495107,33.84906534841708,4.049198011109232,Y,1.6431149695328264
241.78823901396544,1.1801129729441735,37.6421482925259,31.11958347251082,14.044294299855954,10.777022720888196,R,1.6881641365429367
196.54508220112254,1.6500937122580315,19.05247670019719,18.266647479116735,19.679117225417315,4.913798583002541,G,1.3625000041830666
255.32310853904792,0.9538077702742344,44.97977243874209,19.95983824582779,24.38366995789207,4.845566354533078,Y,1.7068870109705405
189.65242699549492,1.8240631023987095,53.9559165909534,16.793170605006665,6.546678670651902,4.727735817922787,R,1.5253774686975456
251.68976659389043,2.266739803283065,21.364407961163828,10.282191436528699,31.94272631320636,9.674557770890512,R,1.607419184977134
188.03165165198473,1.9382373815712555,31.47475479974022,29.98332249709277,16.32121985452811,9.06118670380532,R,1.4912003519515562
201.16318489210488,0.7327733271463273,17.190035467837575,35.55608198592683,14.890862731435499,11.031456854703574,R,1.3835463160792094
247.71828288543657,2.6110215354139332,16.3334348689376,36.69574272349679,14.075220327465123,4.293392195842797,R,1.558712047551225
194.35936578768698,0.9374445937187205,59.53463235022847,35.82810283132228,14.918274289702255,9.863645955428083,R,1.653851025002171
213.0854345047976,2.4120300015278215,37.20621787378731,20.81243308532975,16.830519125524127,7.73045576528096,Y,1.585080714384832
215.98874399553011,1.401412776939626,30.998355838586086,14.94231672711187,26.16885953266557,5.086796096526678,G,1.5268006563370482
199.6207178418568,2.456903370140256,27.36946844812585,27.32733123602882,25.42478626650221,2.3545413240775064,R,1.4492012408988282
236.81961610687893,1.0156822585133645,59.10056902252316,38.41467191671111,13.949911376065637,10.1894754985111,R,1.806648939781909
248.1067719521763,0.9666552592385744,26.351285348475763,30.446772685901173,12.224849680062263,4.410713715133563,R,1.5332960816227885
249.96601118844575,1.7425646155437056,47.656877808198445,22.31969965565548,33.922536652497485,8.317430362149194,R,1.799638830323983
207.14577165892487,0.5823400367459013,27.76911431126702,29.10830010797069,8.24531681867283,7.488679360598125,R,1.435261892166638
222.46803154302515,1.0632433469558333,18.17202774106136,32.0388269359039,22.94879944203246,2.0444953864678386,R,1.5286185969742292
199.87251230925213,2.3100306304608704,45.74744765330736,37.17442414648247,23.219630596624665,11.943436299397625,R,1.6539885949372457
199.58372012401162,2.5934586957635637,15.07338814334392,31.712551389025396,25.094788238406757,10.143293558001288,R,1.5146378246066352
192.90032502815393,0.7019634098445261,45.408683020225624,20.161669447256696,35.99775405674975,6.86471270636682,R,1.5414213931091534
255.20152086460118,2.7051942735952608,26.266946954542043,14.576228146291944,26.836987903316867,8.80341370242383,R,1.625136449621396
251.0391062884464,2.4937930101329475,48.574690443217555,22.495858265535695,39.07718181868081,6.765942365907726,R,1.8104987702650472
242.18869706621538,2.6742107392674135,49.63875753077922,16.48622806119151,35.49735791720546,9.445862712787308,R,1.7941392963433513
221.41292170301833,2.2460713864471,47.58482574678921,37.99676074407349,12.515909082052403,3.343285458188941,R,1.6647398050954723
219.24863324094974,2.1853826682349116,16.10175486604247,22.77880452074868,13.44141585788554,6.463509952340303,Y,1.4592710094267474
222.37965329459985,1.8127330833621595,46.66814788396958,21.521971758740293,17.067094757030972,5.3553717707286,Y,1.6371199806175394
222.92544108616715,2.1319680612282874,59.556552632509344,17.1868676354202,18.703004527804595,6.596552434940349,R,1.7147119227190142
214.76504677581522,2.797774161416513,25.918141583653032,27.379244660206012,24.354829210769342,6.504726528603642,R,1.5369834823426887
190.5403866313654,0.751305003541771,27.340735750140233,23.20179475173317,13.13794215137186,3.430939497791943,Y,1.3168754698585234
190.0531082294829,1.289411194615228,51.608694731124274,9.516712301438979,12.782081338981797,11.76488570709029,R,1.5129037902088773
256.17997726765464,0.6811374339896796,22.217856227523626,35.422273379067306,18.348648507882785,2.1549214278812805,R,1.5969928721996562
218.56246076690803,2.862012929860096,44.72626539770482,17.565449125032945,28.52080896244632,2.1007294481739884,R,1.5520845065513804
256.25644199241515,1.61316366499847,48.97618698752603,20.140245048535398,29.08439645836659,5.734413185336578,Y,1.7699197220169218
193.0861502168088,2.188361176690471,16.672229781871074,12.198346983225267,39.16408590141013,8.203763493468175,R,1.3708755699305322
224.35332416319469,2.6028001612608036,39.91929424193518,24.36893726662612,12.084540187263492,3.7965322681492824,R,1.5594238398709144
196.61738026812313,2.9775006201912215,40.914476634114735,29.571927185000405,18.750070314994325,7.33194003904161,R,1.564203416162929
200.25476849012813,0.9044561444806644,28.654930382630738,35.840786221907884,38.76371242786711,9.227719679634788,R,1.5323488441328361
182.4043663008943,2.4987815142955716,54.435510122888275,6.806268274029193,29.150305993294324,2.940606090401511,R,1.5348007777911021
189.5162648592169,2.7185572453418407,22.32373736849354,39.06661683947824,25.72974836877067,11.844224080159334,R,1.5231959977429295
253.34787261033566,0.622188442127189,31.388761927763724,29.633620970712485,23.887611799047143,5.367006477392943,Y,1.6757517273388898
205.72263931858654,2.3852264004639334,53.19009092162982,14.950453954403109,7.642863304768979,8.42415413787249,R,1.5883358360742938
228.6503369531673,1.3868133029913758,23.578924047269663,12.156616425488812,36.26808330855686,3.107198581865757,Y,1.4255923642476058
217.20113055914183,2.12149197867608,51.961836134745376,15.363077152910927,26.892682539528767,9.094863887213265,R,1.6798174042413183
212.03609961962226,1.785120490097162,18.558112981558008,35.650401308325485,25.00835927748119,10.40456347062486,R,1.5075032021240296
222.55088730768546,1.1493556302165924,37.01530802354955,15.198656061858264,23.882512016264492,3.0528514233062234,G,1.504346300890325
194.97911556922733,0.8380534050099651,18.389879810056655,21.19873970950325,18.716997256238912,3.2586315437006625,Y,1.285691242950094
259.08831188156614,0.7923680827230207,45.50566132776814,29.70083189847814,13.913264197631246,4.810474143872277,R,1.7365851073583536
245.46462949630904,0.7583071442712292,50.57706700750201,35.519645230335996,31.436269486706948,2.119358153753293,R,1.7800817280542203
239.32917061852123,2.094475100336444,53.24363467110613,28.049990682113645,22.834863121658174,11.860512943372298,R,1.8355480279304872
217.5007437611162,1.3785271284988452,59.156801283479496,31.35882187870479,6.187883630122711,7.983840749526497,R,1.7419931075431603
192.23016977010687,1.041583595514681,45.2407075034814,11.066437870358445,18.968307492025716,8.075894499635455,Y,1.510297938015551
253.65326866188542,2.2297127317647574,49.60778612280092,35.70927396918986,37.50112733779914,11.58962169651636,R,1.8505854437155564
207.3109653905382,2.217123914416167,37.759122524459826,14.650171426633873,18.0863096539302,10.32029254319427,Y,1.505066343210769
184.0085351757547,1.8479207308924943,56.07316055315068,9.493235741978049,19.46315527739508,10.142429309683495,R,1.4895007532483642
207.3922941448503,2.837394542164627,43.96912719897581,39.16855016192343,26.838639306926247,5.395023699016257,R,1.6799325853683624
243.55656243967076,1.4635355786035533,54.75981328131046,12.057397390895634,33.05861813355588,5.348633934646454,R,1.7074040904046863
229.81669959905665,2.5896574281732323,25.595340765624638,9.782818952729176,28.396139119664927,4.917379598126468,R,1.495705011433937
240.06708677958878,0.6878485198304908,37.35320013231289,26.91073150356253,34.751915589303124,5.466957617763199,R,1.6470176998549764
243.4908307089902,2.349577735096261,47.84185144787118,16.160210232363333,8.98897054642444,5.695087613598505,R,1.6857522096794584
196.9563688864434,2.971118534579825,24.122478955320744,9.667222181317266,37.36073936615271,3.4000368898059334,R,1.3618177645748328
253.9026652874544,2.616495540719542,24.51029069678902,26.039239102555662,36.63726763439851,5.559478627020935,R,1.6415691953341482
215.03916823362982,1.9491617982751483,59.011923318253686,31.564482952778242,23.170200530495574,6.467470352447275,R,1.7298081745390652
231.12109194113316,2.0669151608179015,34.55746623317427,32.76194309725048,26.86597832255204,5.093473387466585,Y,1.6734376627511593
180.18470180693936,1.383223873592367,23.181695381569725,10.442941035429534,12.448456757049062,3.653469681575478,R,1.2495787254806583
259.4694798728942,2.1987130456452597,29.915874689167772,24.49034737789798,20.678160329348614,5.734103981784976,Y,1.6580053031962863
202.4717108771324,2.4259884579533177,32.88192667196665,33.478742973851126,12.094617632193431,6.809077732164359,R,1.4754638715592614
184.96504852321243,2.995571202794635,43.03883658615995,10.638045399846483,5.769183762935683,9.207283866671283,R,1.4820656791032036
216.66096332292113,1.7311572925010825,56.53565965714886,12.268878811973622,39.33160738444684,9.112377614746704,R,1.673045721585644
190.32240457456334,0.6532601644336057,59.39655341649409,5.084398910108717,14.070128049857178,4.026950310833242,R,1.4408467719537985
192.18613681260607,1.989644876827463,44.32644415100006,23.362195473835083,25.758790811424234,2.3665539516823713,R,1.4593669301409864
230.58262504241682,0.7975603749554214,46.49650623589761,11.813859390168282,15.508763423825206,5.037995218070693,Y,1.5385566403120703
211.43419132561866,1.111912608890275,29.482312636346506,30.348490150441467,17.97175670736522,3.5713630485895083,Y,1.4565893835738672
253.7481960123996,1.3219497782643432,53.57213679519371,38.677484946616204,18.921654550379618,5.957884792156941,R,1.8268453600907955
205.5325195686456,2.3275746828710266,24.80092508491417,12.30644211496746,16.72663559636652,11.793461191526042,R,1.4231669226373151
238.0944102707121,0.9595203096962514,19.78712921899354,27.71839541172364,27.30899157689775,3.8107137090522096,Y,1.5266611944156585
216.88795441239262,0.9143823671058813,58.79651955439429,12.414206151047898,38.63276946710121,5.1887394342296895,R,1.6470176024616658
232.7961040903423,0.6124106062470687,53.88624045692395,5.63024006428964,20.002212750218156,9.251143163195724,R,1.6954984105066924
227.97562853727925,2.683099840884702,28.664031054216,31.549396797510468,39.06643534189928,7.091827828619216,R,1.6054303848208684
217.82271782071984,2.233763560890152,45.382682237147215,20.190163682781247,28.37290330706741,2.4392814357338493,Y,1.6015773934065967
256.004887569955,0.5998661640440662,36.01582608359398,38.13754015301286,26.249766825735314,3.6169001816132167,R,1.71544373753996
207.41709142039647,0.5707307640952864,29.54076927654619,23.700005875019194,13.298634812962305,11.352495547731959,R,1.4539260271428254
194.1788400999418,1.89668574118764,27.90483948421327,10.51190041414894,7.2022247064783285,3.0316499273902844,R,1.327558681209628
234.24752487038626,1.2063360032167776,21.121235034940792,20.742105462904725,34.817716960214014,8.350927872097056,Y,1.5654032852454076
247.6806049046327,1.991815876079822,39.71931370241276,12.101212818210577,25.089337238049414,9.923256488409116,Y,1.6853752610028465
183.2202991951939,1.5865104392024132,35.09685105528785,35.731024544030106,19.504485184870866,4.654390627249239,R,1.4952946801793183
215.97061507381443,2.8082814057756367,38.04838891349749,29.18161133106337,33.41885627309692,9.2507800313869,R,1.6075227290528855
251.39901517498612,1.2195225374034198,24.691072536573202,16.943358162914627,15.870313390206158,3.6989517903018028,Y,1.5165808902013935
239.9694895138294,2.197863421097234,57.23748018479615,23.473711298249913,32.426603958757056,4.847502748337903,R,1.8226691562126014
259.34461731981025,0.635135779046498,43.73660383487437,28.431806587455995,16.478734239202893,5.118220308842075,R,1.7464352937353071
222.5131049277795,2.8896513354723132,55.482029582250156,32.40002008258988,37.230841524145724,11.964349905642235,R,1.847218683532983
232.7996575040921,2.9518936697708806,19.917202471473995,7.80515234546896,14.37884060598809,4.145722952179573,R,1.4820738172117134
204.19842249103425,2.347686572541031,43.028293463527866,5.788159469833637,9.814394115109991,3.29207464633585,R,1.40276048012601
255.80284797327937,1.663031178908933,53.22578183898725,9.005844400946144,29.433384792229415,11.256914374814103,R,1.8110761671679516
209.3068390845229,1.0499835983181534,29.891435091650997,18.824870856039702,10.699653857266977,3.6193069382035272,Y,1.4404346380084967
239.0808570149303,2.5312908506199117,23.781442611119388,21.33473135287322,38.22770676011449,10.792799196294053,R,1.6244231548321513
212.25121632952656,2.3408852428675555,26.925958761252886,9.776157057484694,27.94442893361031,8.5045662764669,Y,1.5417180850487242
224.94551440503994,1.0548850989023726,27.282017703740955,19.390359826486183,13.08012314495841,7.768614980705188,G,1.4981528636556993
237.58260280172368,1.6280382353931642,35.12395342155908,20.45679752266407,12.308662699990006,9.513387115465768,Y,1.560716172571865
220.71473214010834,1.6569973445419626,29.66836212506992,8.818148728712034,37.33562636921476,9.259989571480501,Y,1.535492233027813
252.56690615276068,2.5660263749317727,27.20733327185961,37.08309860685069,26.27502694974618,3.105261894183137,R,1.6691068732697398
213.5440790342248,2.2096117108351914,44.183053428231204,25.970107465569765,36.280760233534586,11.994661104066891,R,1.7192670109701749
231.76574385146603,2.107918858850138,17.3864567252348,18.598743565969873,8.857882169603883,11.418897264487287,R,1.515357332856561
207.38899466400431,2.124568556408196,30.31637001628785,22.741751421527233,37.388726845271165,10.965919628619162,R,1.549397679930647
212.65253345848106,1.1761751984561972,46.03883846732137,15.996912026408236,23.20172591979309,8.222891339424068,G,1.6136568064872012
215.2040086586842,1.4292781495738351,22.913238717645267,34.90158610756076,28.39476707159727,7.227913313323142,R,1.5541308840801178
190.06456146498283,0.6141557135917654,24.941753799581058,25.125526454897628,18.050641503944824,7.3627858388166825,R,1.3550380566106817
187.33789432472054,2.4673528395303093,24.029998143581288,22.32135350377402,7.069911270203917,2.1493694422823246,R,1.3283655050660086
233.39919385174062,1.5824955379245347,15.04167480291322,36.880989108345915,38.529035446964016,6.994695019454429,R,1.5901721229987342
232.44141906744417,1.5955958927189338,36.31954883242077,34.32928943819237,39.810941518796874,8.237695676599198,R,1.6950861816823937
233.03277713680762,1.1133906623340668,16.753145523725543,33.44806619990473,17.759139706615503,8.587062087749484,R,1.523615415498196
181.58131562741534,1.0235682036485723,27.282291529870506,12.896322148114546,38.035377541319285,5.321394650513129,R,1.3459628855522048
206.1237474137424,1.969554823922573,59.76615410663872,10.359308901392488,10.870420183654748,6.712823502935494,R,1.5695046105814237
195.82478778073576,1.0813825380091895,56.32782951256349,29.153378189946167,10.413955738050143,8.363106066625743,R,1.5489154370626526
242.25211380352098,0.660522128913661,24.67841136703504,21.402478971948856,7.558914400321002,6.283055102751817,Y,1.519436476806128
248.8504321116904,2.4187685399522456,28.950109436126972,28.929944953489525,18.694429265445276,11.62135198983525,R,1.6515033380376354
199.73443017809177,1.441173586015915,35.86670620208481,31.621953123889075,6.830578756355971,9.054421098520002,R,1.488058453704038
233.42793270783892,1.450588959748261,52.998609599665954,15.335972757066282,18.813001636451386,2.012737462508905,R,1.5920363810966636
190.34902427666196,1.5782957037894783,51.1190673626891,14.962765159298304,9.843665002738387,2.23279481482253,R,1.418583019706406
202.01220204813706,2.5376120585202346,20.6808646454827,22.17910481903643,30.568472845053506,8.903002034683745,R,1.4763044571010868
191.09235969867356,1.302092239849543,20.600198175675846,14.574225973427408,34.16769272677428,6.126450975455027,Y,1.3450629470200477
202.68166132793834,2.39509052814459,33.75295142523201,28.355334660566985,29.07353997287008,10.394709492122663,R,1.5700468695410776
233.97892378794222,2.8488621019488582,54.15429253261974,31.13556560582509,12.017295335265455,3.7301540948626206,R,1.71059408226437
252.8261528148202,2.1521704898119984,54.6938249592976,21.521363111863554,31.839686751778448,2.138269140522919,R,1.7673334987071865
196.20179263393487,1.5792027029425615,19.831463235893857,30.332991795952513,13.732506896164624,5.880823501137122,Y,1.4004300691731904
223.36632279605755,2.369474307866662,40.84337795844982,22.865314917477168,31.58210089389846,9.360641043074489,Y,1.664287663403206
236.1112880994746,1.6447434243784638,22.00538387063008,29.95051026884532,24.85891512137368,11.717277333775685,R,1.6333653386957867
256.23379747884525,1.536068177770352,45.87581895012522,12.873888672850386,17.83493807019234,10.836538793510554,R,1.7584599508039869
228.8048386309739,1.8132079089317081,56.23949615680079,30.859506607656467,7.92223323056202,6.8407461193713885,R,1.721287075262772
200.40855448219045,1.2943058370232345,35.46461816140172,30.02934082099562,33.962832843245906,10.128172831963665,R,1.5193374750598287
230.0382525531149,0.760625540700003,18.738724861142316,14.331199746721218,37.88785222793789,2.7033045786761405,R,1.4223926892157703
205.6392929342413,1.537130013815413,41.06643881525455,24.458984686406126,28.307122300022314,7.7227234758488335,Y,1.5683541476373997
258.09027125533663,0.8096422028232548,33.38325015611346,34.93590837560406,38.75895483427036,11.242984130144702,R,1.761649745312952
211.97409081309095,1.5261036838886168,51.49044385502821,13.733292644035364,37.69389966650469,5.9638514749074,R,1.5906707494982695
234.83421766088114,1.8923343030336257,30.315500876687448,30.759292440513672,11.811294028131378,11.601006296631155,R,1.6423327399460033
181.85820658774068,2.826777953014117,54.370374021266514,38.38883510014105,30.592432200937473,4.206850967291053,R,1.692548006119144
212.00491569078042,0.590555827613259,27.31651834356532,35.31846719151477,17.22566868031931,3.056338095333935,R,1.4586514200079146
250.00860906580093,2.05364601625486,22.088293614990867,19.053202893809665,22.06310761979691,7.247623360817011,Y,1.5871509112156945
228.81819555465967,1.6443379666251932,28.791616979336098,26.252270654584848,10.4937900902096,11.072468719812242,R,1.546497351109437
215.5154309116781,0.5506528205103479,16.571210632023593,39.711954698844636,39.117279982017834,5.112792187447441,R,1.5265673351308053
254.87499995485808,1.123870439846801,27.65606850934086,24.895309398150147,30.414808407674297,10.001603193989524,R,1.6983879279378693
248.31875009177833,0.796213130887004,44.705293524691385,9.02596608506283,14.341790837083884,3.6919726588028094,R,1.621719295513037
205.77725390583507,1.0419853643286119,21.402734035046656,6.590076417256632,18.001509155881173,9.455703960009394,Y,1.3966902779324004
223.56387216330717,1.1864256086522955,20.01142377539646,32.661007841041,19.786902439007456,7.5702694138743105,Y,1.5022991931260645
219.18594048739703,1.5032658384554907,20.957338106445768,19.826991389064617,31.163680345034408,3.750169753943722,G,1.4445527050876878
230.576200009189,1.8225984837222258,18.489825341765986,13.638451172021805,37.39940433693546,9.180872494376086,R,1.559067170789946
206.72890135670045,0.5024749848159653,54.35859353293228,17.168521073133142,16.250404654460006,9.137561134564272,R,1.602358175818025
199.53640006127105,0.904673401571852,57.485180197343766,31.50805032912583,21.537503089814685,7.154352291434403,R,1.5867667967318115
253.0137468204429,0.7339159640220018,17.095251827795384,21.28365674718402,25.76226504921454,4.254676376426747,Y,1.5385346164283766
253.9099599598805,1.8741834981568593,49.20323016945931,35.39748223840568,18.767039734011046,3.3229389224499655,R,1.771923896612264
247.4658308609583,1.3226871760031744,48.1718286022739,30.722395607219475,22.646346317798983,11.572550484597892,R,1.8214455335847521
258.2563544611649,1.8709943400867952,59.860924107451815,39.09049526558988,8.69976701570357,8.558125382591552,R,1.9122689236509611
239.59932206237508,1.0545582554366946,30.654179777448068,36.097631837644514,10.868603570205813,10.09241483573384,R,1.602240146345209
241.17337828495997,0.5605733852189622,27.84790462606873,13.90915241251032,19.038544002705073,8.969705290502416,Y,1.547400680626104
241.00720735701125,2.853417253175617,35.38869543644223,28.067073148089364,37.022865411969335,10.29473665192289,R,1.7511304395105523
218.44861047538453,0.770770302972485,53.545882971713574,5.719006208485036,17.227531601062175,3.6249081974892343,R,1.5505316078460374
216.51617556114172,0.8171468699042921,47.78671391420545,39.68873535503594,13.742748301175476,6.969502245470444,R,1.6713402469809269
199.21810209192026,0.8663670662753513,36.223071628537625,14.13521380809088,31.000177729724655,8.671247705022934,Y,1.51157130507737
231.58553554874322,2.9531913099831817,26.005327947864295,28.26782827682544,38.21955581268132,3.0338989989521794,R,1.614539966322006
203.14561088818675,2.0441506004249903,47.7157083570767,34.720376741984786,21.06932659722416,3.499569493284083,R,1.6079968308822605
200.62467277618836,2.0257248792596263,53.45370906189883,10.616263195479,5.3011734448514085,8.339825942509465,R,1.572036927135943
226.87690992768438,2.966745503796324,32.99780539803709,34.67577699836677,29.085226601646628,10.687058042538201,R,1.754663198356836
212.79859105800347,0.7210969231866369,45.086345061944286,5.428598302678785,19.527128056565072,8.604161789415976,R,1.535819274647719
197.50852870357056,2.9362522313557227,33.00954095294692,20.46919983298926,28.577593781567533,2.362048134560756,R,1.475826927105852
245.28448134022648,1.0100328663851021,36.53220471636682,21.521316788589846,14.720078054022125,11.704329170903229,R,1.6729130550224736
248.84559354355008,2.0576787589050887,38.62096709797112,18.093174964055756,5.084285033593685,3.3950690090624507,R,1.6202302649437457
193.41596157422248,1.5502089132569792,49.907661631002505,25.52346612051749,17.057367656096133,4.325622335524898,Y,1.5364335969875125
180.600562624,1.4598795336929455,58.987769285801896,37.01948220459212,29.667731991452953,11.749672819047243,R,1.7280656193824468
206.8903974823499,2.8281083211986564,34.99647731872045,16.444619000510116,18.758964905321623,9.710329966533749,R,1.517050674317557
243.8008668544602,0.8730693211006411,30.404175281142265,25.274096050824845,12.671094887862909,11.365766803785066,R,1.6537921728203535
247.13390929874595,2.9926725276906088,31.811595291257607,35.7111884010163,21.240240244693553,10.066196928080297,R,1.7433634534360023
191.06632560928395,1.4478126527288713,21.025008121883175,32.054838828548235,31.332198315443488,8.517344750032,R,1.4030895353738826
241.9468720946441,2.121937259721386,28.362243201797522,6.42566426819236,9.18015803773071,4.8455299886300605,R,1.4981552125026827
189.25633338475436,2.9197668287084,18.89013359709628,37.99767674446818,29.211321177632673,5.268814416995253,R,1.4376266079721802
211.20500721252233,0.644002625947437,34.25524184306612,6.632641649051445,28.357040833138157,11.472710730443698,R,1.500314809017384
259.88876120095324,2.8071609073129764,22.5310771189972,25.606546603101535,17.975825788977495,10.606256161556447,R,1.6904865424494209
195.40726585847278,1.9195284633858583,30.58830356884839,25.137376711030768,38.961766698282304,5.594904484423265,R,1.4631250680272658
192.31708660621013,2.2609921974436307,50.710998722622286,32.523658074581064,36.314685481812305,5.732674176207038,R,1.6692611949024079
213.82402660374348,0.8729604597158709,26.066744276511123,10.195506814714218,16.065651828072447,4.976943902758848,G,1.416590802514031
229.57348207758892,1.8334685770775807,42.5352579603931,11.277963722194631,6.088188268784508,5.261301426250039,Y,1.5935854805996175
254.63206259306025,2.1837842868131094,55.553163866187575,31.323742645842618,15.790668236077682,10.606674662887857,R,1.876779630403496
258.46569164264275,1.6406182684692046,40.51181341632961,10.23266633440688,12.165267988936513,2.1050685658984687,R,1.6199246810946282
185.57125092731158,0.8874629452651418,23.720667574758572,21.430579447297387,24.153816991665746,6.360526211095247,Y,1.3665131308525191
191.03980138783243,1.1102976877139414,30.514478728467942,30.607683157382617,37.156054741375414,11.428396785279078,R,1.5032167602925608
243.2590379116795,2.6359819774837465,41.56661432328298,27.793467507393842,35.461812851313255,7.426363551828088,R,1.7614657610824924
201.65057218166885,0.586177482081907,37.797501289193406,12.371146513958331,15.704020448268935,6.504457901439035,Y,1.4257527901038982
250.78792476050884,2.272155196102031,21.68789263246067,15.638609054012994,20.000913674447297,5.123698046995881,Y,1.5217089623702613
233.07626057832692,2.998475091286317,35.105835511075604,38.914121613436436,6.278976967784827,2.7391262986190386,R,1.644677640772
188.94758419045417,0.5187074902669165,39.43800127096118,20.703471705420938,24.045722767720232,4.244864780275129,Y,1.414752317854772
246.60234279392057,0.9026142070498497,27.02997215059076,6.556011675273319,7.217879301775509,2.9045840993687126,R,1.455686061857649
194.10851040064608,2.185360752232836,42.56004819029334,12.685471481321642,37.85121581801849,3.2669942971542825,R,1.5010489899296486
213.8796315743723,0.6499770864633707,18.157204476834444,16.985228138164317,35.34268421982953,3.635165441262698,R,1.4232922974049773
224.17479428474638,1.9744749596396471,30.147316510448256,39.982129150310506,12.496566925312605,5.020294320842785,R,1.568722305805203
220.06129192642226,2.21000025890264,51.19245747499085,15.594204161692153,29.47790379517159,2.110166799955355,R,1.61241927632351
234.89303324921204,1.9703658702851754,26.667816040866995,5.923854707389074,24.880713385166658,11.501438855932477,R,1.5277329484129274
232.2149387895404,1.412961757552668,42.23295825013852,22.952255214436757,33.04751993806641,3.2381909267697457,Y,1.6145291526561025
259.36336044224436,2.2432057399665974,33.45133711696404,7.926188474089198,21.6478237363032,5.831488723595871,R,1.6213480153152904
259.953752737935,1.9857360700345512,29.240706408686105,14.592365954350264,11.71201897330223,10.795275597147805,R,1.6481702242565612
221.3167522108513,1.0190929302347993,56.22592595595121,39.73341116328787,27.39451900429911,3.0656797019076225,R,1.7403364234285055
187.61592695686912,1.9078388589627744,30.44677731361726,29.662348162555404,7.8098114448580755,6.836042517541208,R,1.4340008795047032
238.22746391749746,2.7047680428473186,25.650415566915825,6.773332024900462,25.46057969089477,10.447835975413957,R,1.5404935684915406
258.13312625732715,2.1670832142261247,55.91855920381217,20.704035150712862,12.444668191256016,7.569626240341401,R,1.8437708724851944
205.46611101032164,1.6794787684846177,48.56749601711167,11.007312942009726,28.972775299324606,4.1034359542276,Y,1.5609359315133462
216.8967108670059,1.303960257173628,45.680987116418876,9.303062974074244,33.9815106604838,9.355095314125814,Y,1.5733098116274031
213.98215398523647,0.7147155235939322,17.22907239300941,25.54728946720807,8.833365524872537,8.81341062867508,R,1.4411458076421995
184.11353236455435,1.1115678318975717,20.90422323220991,22.697956137407548,19.009399325200732,5.621859065469243,Y,1.3295708545053313
233.78115449787558,0.5279668827171922,43.72529837143483,31.00033045104279,30.673255572159885,2.4629516158137514,R,1.644925066340973
208.2670156054774,2.966564793812411,24.424477643681712,36.23071798811509,10.729607153160046,2.078646898960939,R,1.4916088028890224
242.99710997052017,1.0562056303218499,25.15370935336616,13.633865010108167,24.82832845124996,10.253928831271717,Y,1.563396559477532
246.5696060225589,2.5371898567134314,50.06123319046248,37.3047195329389,28.51436436565031,5.215573615590685,R,1.838389928789384
245.69846292782762,0.9216122045124465,27.866622697662418,23.12971203939334,17.417776253378378,3.377698986059046,Y,1.5592435421772641
213.3332798431904,1.209002874013935,18.22142859683622,14.0592221364791,34.11937959709104,7.185512261629821,Y,1.409744217408864
205.72365457927197,1.5456932980709168,16.63943762894375,34.60250433359133,22.873036476634983,11.208332957250901,R,1.431688834219495
239.90566237336438,1.3110141603540129,34.943009426037946,6.243547131015788,26.94481939791785,2.084808645223977,Y,1.5408250888693418
244.11115470741782,2.495877031899653,42.77078599580907,24.582828211553622,9.930547884667256,2.5614354067641445,R,1.652753193158302
219.30059571130928,2.894233520038558,54.09983550263113,30.25675372604883,5.810606108643417,6.170449325850724,R,1.7159674229757522
251.44248156290425,2.6882362091271212,19.986197776468767,14.799219050465013,6.77619997887452,8.759659067550635,R,1.5720402026140627
191.51269568628467,0.8839446673693914,23.850277182973333,35.22221711471262,36.63720518693756,6.761004587670502,R,1.4450544249392605
250.3255023727168,2.4417216908732255,38.8410274908362,13.409959717529471,35.89248344868879,10.975484384654047,R,1.7590318511430176
187.6876186377505,0.8698672832617786,31.384876300888877,34.39559989561087,33.26570037066449,2.440845555374781,R,1.445724211431689
192.28204176436913,2.7834527664052535,36.714185306047256,7.749073734136003,11.986423193220126,5.401408696437436,R,1.4151300592506428
222.70720106191683,1.794696439171446,56.585609204289696,10.597465715395096,23.391052818232613,5.513478893887207,R,1.6436833024017983
185.4014784149932,1.3409527201417668,39.52012442391093,18.334460436566786,32.864098519193064,5.401272259863417,Y,1.4939148486690415
184.22456811200882,0.892563743335482,33.68042747754342,34.89194294793627,28.613421343952083,6.876859121233906,R,1.4531604660628075
180.04149953325646,0.5295227204475115,59.524795801488516,10.060487779437384,9.043241778657816,9.905770451946104,R,1.4800398260406742
214.90533277554107,1.1198674791522119,17.934705145479136,35.640338392798455,36.34394199343483,5.178826164028173,R,1.4635200508093629
241.9699105033784,2.78505015820328,56.94510517670274,13.04060343144778,10.623883747228678,9.444832066322025,R,1.7753286864610602
182.78706802239324,2.493155480680569,37.574782892946736,20.837793950808503,11.012849269466741,3.464654712790714,R,1.3960727093386225
232.18060851726844,2.9244842693767987,37.66903519952122,17.34570414911182,36.53530202097479,7.607248556339503,R,1.6533189672879418
245.8501853932949,0.7519038028034326,56.488395039144415,9.134417931508324,21.961592868308063,5.750880256655451,R,1.681748097893448
193.44006788622968,1.9804468587641737,37.829579081688124,38.050840883169904,18.051213908476342,7.392108022955706,R,1.5525395869958745
191.74909878571233,1.1428761850769416,34.728319073856696,20.336240176327472,24.377985980431976,3.077497503722494,Y,1.3815155878995318
248.86407788964289,1.8573542644310186,27.261986645273957,29.161594147466808,39.3489066491239,11.534628467609085,R,1.6625701350726005
245.84996879600757,1.301137213908638,44.646754506783935,25.13436868324109,9.1870659334365,11.062141168017778,R,1.7297351850532452
223.11534130113495,1.2086638756083938,40.63402909408927,22.56005708982726,31.493209707722283,10.263963042906289,Y,1.587423875471629
245.53599034351842,1.9346132550614938,24.645544662650238,26.580216824489714,16.701405178544462,10.927828233880518,R,1.6541143136802796
187.4204861939596,0.9582954046738508,46.923581177759615,36.441980717085016,9.09672447966683,3.466878701814861,R,1.542130169042834
211.55852143510035,1.6728335924302922,43.98390858014882,29.475933149293834,19.767667437352852,7.037217730196659,Y,1.6058103305295797
239.02380448850982,2.127030662610087,32.88002478929434,23.63680278093274,24.20635072038448,5.1790915875652335,G,1.6539191999438365
200.59615674591709,0.8204551829570101,15.198041485659775,27.581508623309173,12.208657320485141,10.873859413041586,R,1.3849139910485528
240.18631315468423,2.82648567719226,35.096151757928446,26.223799817815756,19.184431068381087,3.894376824994665,R,1.6862912535037013
220.33428835126512,1.764311748635312,15.272615270861328,20.15924226202096,27.248660891530168,4.199453551419723,Y,1.4142379675101506
240.02127903585864,2.548819929710856,18.374932018456793,26.866740354565763,25.175680690207777,8.86714456355011,R,1.533678001050319
217.17437102858636,2.1347635765526585,34.37744561163753,20.524943005745726,30.31062079191977,2.8889965908766815,Y,1.5335792544148676
209.43234721774542,2.275002353056364,18.686394788339747,31.51650322551693,34.27415865280904,9.323671769166397,R,1.5639094270148417
197.5351373182906,2.290327352482095,27.404944520422482,38.911936923279995,19.319911611928077,4.681272883141224,R,1.5081727931792204
196.6703473148012,2.6877497426536814,44.497111585153576,38.595287512403026,19.803854641177963,8.609353652671473,R,1.6225032365189613
240.11926484571168,2.03401358761731,28.887690417423855,33.725752524874316,22.38422470593036,10.730377863606604,R,1.688330920807296
189.51282784271683,1.1955428793034741,59.89418673546797,26.06156139708198,24.822368243345622,8.096113732349906,R,1.6454866027400359
186.87858800887562,0.7487741071636429,56.23359152617415,31.22661958247592,8.791293598326208,4.12683733286109,R,1.5335593130837837
194.1033092017704,2.0156265486253537,41.33894570634857,11.231690334014404,15.942237396817092,2.491655255392166,Y,1.4901901504663104
194.02772091631374,0.6658820094264526,58.51262123857187,21.76564600598729,11.016212838195848,2.4461397169506585,R,1.5125484793971498
245.848609824552,1.1032336292238254,54.060778249463496,14.005666774697753,18.504846682044604,2.888118820140079,R,1.7036157236884284
211.880529877937,0.6517679615047793,29.350433347821916,5.122324338827148,39.06739254009128,7.7981791246971595,R,1.4640366000424436
259.2310765888386,1.8722189725164178,48.731831069338924,38.835815113522656,25.39558348383429,5.482178540406512,R,1.829001398917439
190.97690062324898,0.90084531235717,21.157430280177632,35.23469966481444,20.02835319721912,4.431069773958981,R,1.3737179232330425
232.28318605549146,2.026018298583683,45.80481409704335,22.979451646447437,24.807791332829808,4.193065577971912,Y,1.6890008733032813
215.89836057610006,2.477162827158169,37.09868219225612,13.895330084165238,28.417679439951275,11.48581531903099,R,1.5980883248077586
211.4334541357659,2.5547018019296557,15.757167266377113,29.254132356973283,20.223371215164036,3.1881657589207437,R,1.4398480292194535
250.0067359243266,1.2738587703440687,27.340342007566683,20.21803795924746,20.66984314885105,5.0481441077265465,G,1.5426099041930403
258.047651666272,1.87238633173624,57.99219978319118,33.11723366979448,29.549039528359803,6.7147726201919316,R,1.9096147989009906
249.8287167019343,1.9075269002158974,29.21241682898163,39.983133856333225,7.1301904121995445,2.004495260742554,R,1.6447744813737941
195.38405432281064,1.6822179553854164,23.16545048856483,17.217891262145454,23.902819890092047,11.209531874757245,R,1.4196480512066565
197.66383369671473,2.137784728561912,23.438915095749373,13.554106521731672,24.15647342761955,2.9909859076010386,Y,1.3713810835064963
232.48591032760507,1.0252178095588338,36.56459690888771,14.358387107816538,31.486329139493332,8.824706006861724,G,1.5894921249259553
203.12668653105533,2.9481080989669857,52.919215830174075,8.267118598823519,39.39256633178303,8.288654771624884,R,1.6155266829486847
238.7780104624464,0.7451995677273311,49.11007943100059,18.79161687750544,32.85141753753828,10.090638551047372,R,1.7145607751002485
225.3136520647716,2.573052853007798,34.65834033919984,5.609876845091826,22.632601442766383,8.513877305621525,R,1.5350847948400095
224.07270147923225,1.9852399673779695,24.392709754663223,9.003844509044647,10.930861286251249,9.693874172159795,Y,1.5201830459017809
246.28375398710287,1.1121368679842898,17.0729205045986,14.509351154543461,25.589134007160972,6.212486087885275,Y,1.5239464132387266
236.84262173941423,2.3641875016507496,35.8183643767229,10.595197156831826,34.200461034944006,6.887044945516232,Y,1.5946303970516087
182.12622119978334,0.7112022391926799,51.664890683318625,30.62556848252538,37.63449222758664,9.016621021644195,R,1.63602280089392
183.95673097168125,2.436044586121958,47.835689711744116,8.696167680376512,33.88586328229352,7.6842672105505105,R,1.4949729310089872
228.12467619648126,1.974963055607534,33.387034543226264,35.30979367585836,11.613901222689723,7.115385502667199,R,1.6202590956939877
218.89536604978204,0.776875795991004,41.76162023629202,12.73900762988335,29.9401552522266,4.055584060545494,Y,1.5518418408733976
200.81477242743932,0.6987639077309256,34.6310934425798,8.80067159400487,35.805423162004516,4.581082608063754,R,1.3723198418118878
213.49248698518414,2.377090833591156,41.055724940558,5.353732555094048,28.83559383194413,5.584972410593935,R,1.5208255759267633
240.63282549862885,1.232339766259593,38.28773599770972,30.032175151275123,29.001321432487533,2.092843854235032,R,1.6332905474177255
246.1289187726344,2.7232546269180338,45.643497005632156,13.98158610784897,22.505680018787757,6.17363449580237,R,1.708847345834958
224.89784543120354,2.40518255257544,37.84689795899058,22.83245117982212,27.29416777439268,2.027684757639128,Y,1.5957442709883645
210.82955846856822,2.2454756117942902,57.327494917540136,8.90656163352545,15.303325172805739,7.650154359213367,R,1.6135079620601982
201.65574091960855,1.1965151315836273,34.26126817117588,39.48535731326872,8.108353037501082,9.040287689723488,R,1.5346648349266665
221.75347766154027,2.2723612975540446,15.716233636786992,9.388465867448435,33.97002166608901,7.621486316151264,R,1.4703376877220318
205.17996948515048,2.870369211287085,25.636809093404302,19.417407432465737,38.010050758703045,8.935199732048758,R,1.5264184554026397
225.12761096377784,0.7288995859264222,37.52730861479952,34.807732581706304,34.98878173819305,2.0001316855620748,R,1.6075781522491865
234.13219060077103,1.315406605008915,39.32573333498979,13.571043196814239,16.686974382328103,2.594419732843096,Y,1.5504124764390217
185.2863368735516,1.0866806636539854,39.8573155190424,14.344012487116068,8.273555295777491,8.984624408755554,R,1.4565104695113535
180.08539720181977,1.4831253360016667,47.154844422153694,33.29748305617565,14.804843567099228,10.029001479567706,R,1.5476545707593783
196.98217110725943,2.355831637134866,27.359166417788757,14.566888001720445,34.499238153346504,9.177015708893943,R,1.450309329671096
251.56091981750248,1.6856064535634663,44.920665556866474,5.100495888318454,27.95350776716256,8.630122425535516,R,1.6397523753181507
231.70326105828474,1.9268265153006157,46.681452290364575,19.976980217148245,38.8342985436028,9.0738266381156,R,1.6835394870385487
193.75682815496182,1.2853872201958558,33.50763386793719,5.438732338746624,16.993835645298617,9.395899257961657,Y,1.380563529587169
251.2211169458895,0.8532231677177513,33.09760946158449,36.842729934027844,24.301524210207482,9.243774983675692,R,1.7164048922001423
217.5964752229872,1.1673341223443212,23.05161535454024,27.463462846272733,32.65133775733798,9.380084776883397,Y,1.5153873770908826
218.08734053429285,2.6492007531049677,33.62943193149182,25.405499317743477,13.189717995613432,2.7401970741518085,R,1.5400139115681604
254.8433555074124,2.006042405383526,50.40673312681556,12.055632880182708,38.7431491130883,2.632715514946247,R,1.7271010559251947
184.7589353746672,1.4449716829930843,55.90378524974478,29.49811649000227,25.73391853721352,5.61119943229439,R,1.5596909441240363
197.21426197029749,2.474764954338969,41.71259360930844,28.7039125287421,5.276414716187862,7.275967145487956,R,1.551286915005549
226.8617060123778,0.6611435811372719,28.471665450943448,7.1162250873877735,5.880364646980434,9.626190539217276,R,1.4828445696566153
195.63892076656032,1.1347277198059642,45.70303733968791,35.829628578370034,35.877560574055835,5.3470781879101255,R,1.5674937107374467
234.36216073671662,1.075257885143348,48.30657939132018,25.279467702543194,27.58485347163771,4.751170766336348,Y,1.6873783265318472
197.12738314693763,2.963411405420555,29.949575045129805,32.73634083635136,31.707538167235175,9.814483081185294,R,1.518979764296087
187.93255764790516,2.2652464559819006,52.1946537670296,14.201992524509548,32.44056003349178,4.49336851453995,R,1.4983356207825558
196.55881277126718,2.0444648409713855,18.316312446225304,9.271672991370895,19.716092168777177,10.208413768144634,R,1.342432381149837
213.818722741765,0.5124624132361822,15.483917292001149,29.58573506153746,32.95139361498056,3.771335497200386,R,1.4468697659422325
194.09106393384639,0.9607750052246434,20.533684768442367,32.78589401893068,37.81363556843883,5.594735228724768,R,1.4086012858094947
190.7753619938678,2.0888532324326956,22.020375652237938,18.5111736766752,11.025988771936756,6.010756094263903,Y,1.3258375608383293
248.82255089751527,1.4492983162041644,54.55180648264746,5.8292296360708935,31.74477398397072,4.995104473076429,R,1.7120917092864898
205.63177628778462,2.810700959197652,34.124176599957636,33.63889086288526,15.772720266544775,2.0335691388701265,R,1.528020447961271
208.8606949214603,2.4118105478543947,27.371926138667177,12.213286721565424,16.252255106884885,4.355092578212479,Y,1.4021093636603386
184.42163276009822,1.6184601820103,34.30838021940687,16.866117966412087,19.446419786273516,5.376535588788737,Y,1.4408126358571285
208.58956988016433,2.373787443845676,32.76784017152845,26.98808527219956,35.23018319678299,5.136248945266628,Y,1.5488838364225006
201.18457418572638,2.938510809565554,28.565775059460762,8.498415172395596,5.771962355851721,9.855554964772072,R,1.4262250799258602
228.8388053873431,1.6524520617536766,21.205481208538437,7.51985181484621,20.187417238359238,2.47367762536473,Y,1.3996791819470338
196.43122381379254,2.1063147197213334,44.51619578882463,5.899632005134599,28.801667734924468,5.889486996552407,R,1.496581374590841
251.06923624502724,2.7966615376532378,21.14719812508449,37.08239510838094,8.86454103988827,2.3751545557944125,R,1.6414758920016916
254.3733296735644,1.1216866550904332,49.894100370270344,15.898396049402947,32.728875895609576,11.306475661290094,R,1.8288081561593743
187.98648457414322,2.7163947841656957,24.075960597620412,28.123058529099616,37.966590926407356,9.902094370310964,R,1.46890385824947
188.59223650308618,0.7438617669324566,47.911708820999024,39.62323371562098,8.18271873769425,11.821615992380135,R,1.6130908045445511
189.22611504887902,2.1211204264691164,51.251374756296016,28.430777774668023,10.353184824080735,11.101605316960185,R,1.609812005641871
229.56554050482495,2.457095387639461,20.639670439850285,23.3783178549663,39.0934028731171,5.158127721160843,R,1.5760733132688638
189.75751713676982,2.0365155481310655,18.903559572960184,23.23219767310335,11.924947427500955,8.915834123305803,R,1.3642939328362738
248.1905854344213,1.7388370103813575,57.730774679414694,18.19210019594431,7.762888649612156,5.065540874784084,R,1.7326651081057165
240.3417211950314,2.043367749814215,35.837106303866136,25.992287958427987,38.326738773856505,10.88211187929624,R,1.7483752463098068
245.58470865904192,0.8791592719486114,43.36059727378448,38.55769863409965,36.24179484333141,6.107528699673414,R,1.7911309722199245
222.08484215088168,1.0389267758255458,16.046719805479547,32.581541179440855,27.95039154565959,5.7588754190423215,R,1.5209914010145702
259.73417692153225,1.174748359890855,27.541958125035293,19.847931596163313,24.300082455064363,11.140687442333334,R,1.6757711566925568
183.5340082355329,1.9944483515750953,37.742894455172376,16.635569016138664,37.173144370596965,10.367402876198543,R,1.489842526469245
212.10119713488908,1.6047526843626763,54.87982410252318,35.92360353680925,27.943202628899797,11.664135533643016,R,1.693149515870643
205.9149335150109,1.111189606214599,27.214773790396933,9.752503896930783,28.04388307602745,2.6648808557444683,Y,1.3379059653361352
255.8916398970113,2.70702333036145,49.88360939364238,34.73548399375056,34.52899474706835,4.433388780388599,R,1.846208724843093
226.14887667980742,1.4348046007330586,44.799581771641584,13.927686646981632,27.863598705234732,5.008577478670457,G,1.5701687645741063
244.49527723557802,1.615079298074728,20.187184551258525,30.04702325215712,22.628691046318714,6.243520609547621,Y,1.6029804641974204
193.6272954926815,1.5242526913724865,28.201882775639845,33.21772032711905,18.640252426445677,6.73130045948536,Y,1.426264413960313
258.2907315120351,0.9548573881918816,25.703881639737887,21.69487810422154,22.60968624769343,4.9147242806673805,Y,1.5908963557842022
219.89116375010522,2.3290675385755835,34.91374144079785,11.729939164979601,23.286752718051805,9.904504231450284,Y,1.5485068438537068
219.49376610165166,1.6211456556721449,43.59004093714129,34.56687102118314,17.629115839138812,4.232441444850565,R,1.657800892777233
257.67077828365905,0.5406427747317961,34.5038889978828,17.862792076866015,20.684144314312114,8.96517313299113,R,1.641722000622925
210.4585888973716,2.9100342558994923,26.00414590883127,16.223809116888177,33.06551765022324,10.517683155920974,R,1.5418588329578422
211.80200196439944,2.5394090289885343,46.314544570272396,22.850566382370385,19.577967903656074,8.036982391595863,Y,1.6324262136793743
226.78021622439493,2.308898385229508,41.30119926201704,20.228018438637122,5.894591832240027,5.541589258928209,R,1.6088765956148585
190.24420884382295,2.6727296762963224,38.369125833706136,28.90682759635535,14.90567626208472,3.878912421966513,R,1.5106130664512603
205.68685011294838,2.7670181340138758,39.94888188506903,9.801923293043288,13.110965243209435,3.34346194403696,R,1.4701140364452292
195.45666579561043,1.3437242659610966,24.985529083222062,20.249137891675552,32.775370414118896,9.441747391490615,Y,1.3972785201446816
188.26267832856396,2.0273966960417464,45.61939774916053,36.20956339288214,20.725257046513306,6.69131997583516,R,1.5673464833510764
249.2915685064816,2.0220195230139852,32.43752409924457,6.26219483039039,14.81086900622966,2.4631955116736766,R,1.541573312757609
227.14649329019807,1.1682491720264925,31.35605188785088,21.006841660366423,33.37467093445686,11.838395069426202,R,1.6149893670380693
208.6938233222329,1.054880628617668,21.738039372004675,28.118618823482358,5.67258815948142,8.7130318298899,R,1.412313661196776
212.69355018933703,0.7847681370475552,41.857680054770086,36.06988804646949,11.098779495592616,10.441825514269771,R,1.6437269526689255
214.52152029498836,2.148285489791132,42.119898474592794,25.78251794266115,33.943418678853,6.381886713170115,Y,1.6296643374163808
230.65193457157676,2.4522974775769497,30.313528964993775,33.856949493376504,24.27281046811409,11.554386208080249,R,1.6538664566089782
254.14155131911946,2.4023824487925096,53.693252558949034,12.794185663575025,32.07774211028181,3.9952502092412727,R,1.757553038770677
254.6223695725586,1.290688442962436,53.04560544219427,17.348330267975086,34.33616051667272,3.8513612293881607,R,1.8088092355207037
211.31935836245307,1.0131496261630055,19.907443791709408,37.974629587481495,37.96872210059889,10.903347347703589,R,1.5660633463293325
206.34099676782157,1.6340354461365547,46.27672745144632,36.00912895824402,7.21986097561683,10.917170640057282,R,1.6627297563432453
216.08372001482041,1.8670336506012766,32.722564028326005,24.528354394104657,32.973216015446525,6.990194854990422,G,1.5432459796912592
225.4347384342794,2.7977178199213895,59.98716829783017,21.642091822819584,29.80681518769422,3.2578635535397864,R,1.7239117035953837
216.94543291597986,2.6870578856851353,25.126063335809356,20.787358700906047,12.24589602367957,5.052164582032719,Y,1.4582648282231279
232.70027278533607,2.7901458282545692,27.623589243652024,7.057638154845561,37.609579321904306,9.541523380344676,R,1.5843378776626162
224.3519218703811,2.625655962839949,34.89478325500774,36.23319863847984,19.14706581072372,10.459919080013034,R,1.672798058185711
205.6572437355261,2.911453011090778,27.092181690629843,33.63523279453675,36.06636846091814,5.476547477448171,R,1.5433884561335327
207.65846446101062,1.6637499929226436,46.13970148739314,20.968790065475346,26.17897966327239,2.6123368181686786,Y,1.5432666586821713
210.28742300477847,0.6186837435827359,36.640865048166624,14.78039904518157,23.43617812893348,8.657266815727805,Y,1.476719471692832
187.5711814599511,0.7089050803711956,24.939547568229308,17.00222122492857,10.583337686359279,9.394970414382936,R,1.333698388943446
193.28501059311785,1.475690354430858,37.78683312689532,9.310620505551132,37.00146685005595,6.240146758636926,Y,1.4791077740853111
237.8491041716309,1.1442177281824932,54.99544948642673,30.26264094570029,24.483166757678617,7.830976116178693,R,1.735886227162675
211.1277369217664,0.9248514784026682,50.65780410825238,24.483444979420018,5.213234192388611,11.873714975240834,R,1.6280271447810282
197.1631178048115,2.8830094362716214,37.447301599206945,13.193619798871323,5.639958937459912,4.449985993596594,R,1.470986560210041
225.01379284598858,0.9885489710265561,27.982167141387645,26.80519502271914,32.21714117563167,7.729776937992509,Y,1.5590686025668907
240.44316339787417,2.8984481807880775,23.09489091161375,39.27305749892412,10.667772368243636,8.109604135626425,R,1.6326643289704919
200.59378898762972,2.402097100803018,54.527229473410294,9.283829741666272,25.95584524698508,7.491071960244631,R,1.6113754381085983
246.14319055389956,2.1023641803130584,46.95751232244133,21.04697537188647,28.83786866768931,10.691295579437957,R,1.7485938019178302
254.20038877000397,2.190047400223446,40.747348641635625,22.295558732274436,14.777795753197388,8.050075319221165,Y,1.7215077782912076
227.79156232590725,1.32868580914781,54.574559067915075,10.837902483833084,24.925983294399437,7.0789002239129,Y,1.6317736435826524
233.51581271932636,2.1160675951457053,20.47606293183403,23.605307384906016,13.409056109617614,3.2301502666117314,Y,1.4433914316284349
184.20607922584443,0.9667302957031633,45.71201787009307,26.20920404918315,38.12103995787827,9.032091992934255,R,1.5426976673396864
255.6415912817525,2.844263581339949,24.75205405859544,10.507058858647335,35.10595547222084,3.3210736149470037,R,1.5715883420881378
211.3987787411955,1.2544833499014838,20.425984845719416,10.415336465310673,15.08149770241142,2.265698933642237,Y,1.3334718883180117
253.91203204363438,1.1379662807338553,35.95238295031199,34.97220504718146,23.50850718326189,6.8853116306346225,R,1.752719635082783
226.3182019800194,2.277906995485394,32.43268183939591,15.89856028345157,22.5221500003867,7.7244527214773235,G,1.6104480209269671
180.3695039074662,2.1411217951654544,57.352812419633345,27.061668547752085,38.60081402825259,11.9905406137388,R,1.6626490423290725
183.08335994587486,1.6282472958582632,29.579079603831737,26.937057648632493,18.791007306434892,9.123267944552865,R,1.4527692043932214
234.43350445359374,2.0811155867269657,51.67060165734011,34.37098064539222,24.67796441175484,10.485903202275773,R,1.8132699084757433
225.01344110655464,0.8987326794021404,48.697215021075515,30.89631209310332,37.5047308210603,5.463880390307553,R,1.6849265637745658
182.12259497648594,2.1833207685048874,45.05657415263413,34.420175170339725,10.698386791179535,7.089146825799675,R,1.4800227865679707
239.47679689779082,1.1765267379879847,56.41802128320268,26.882517637773297,24.266996114741833,11.742689906618555,R,1.8467579755017618
248.17162696553453,1.1820899416911432,33.3566067471604,20.73100061798979,8.698552212664037,6.173885521427763,Y,1.5717772197412927
219.71339859514467,0.9054498373594615,32.53520336922895,18.774828245957615,26.61246261364752,10.072904248023839,Y,1.5803211062131273
217.2605952285804,1.3309428375904115,22.242634061167923,18.266041833150254,17.79891211854516,7.259891177444961,G,1.4573027703276065
180.4378487067702,1.3281276507783204,27.409293397278113,19.643758426820522,38.867262561286026,4.239618515300641,R,1.3450176094478976
242.93197699948794,1.6354475292556732,54.589940522739184,9.525823825381961,19.53932134019842,7.804186372108829,R,1.716103138870304
206.45728533968844,0.9760487616658737,36.34719598101156,19.83854298511085,9.766567313959738,4.180620283703215,Y,1.5007399389867477
250.30108958260317,0.9825188403969158,30.360899498581972,18.63057175209174,34.189998632494145,2.0302698987574113,R,1.6303179395255345
209.84484700464424,1.854346429158071,24.725042478697702,6.210008216138101,33.730334199801995,4.358960154733433,Y,1.3935204362160554
225.20623285045644,0.8221935116761878,36.82321126096268,14.6295764364219,29.320086683997456,3.9314383235509034,G,1.510526387081751
201.6273430559462,2.222242519972088,47.249941670903794,31.31674411590759,31.20841306594798,5.709211771994338,R,1.6306141114249195
192.84706500679349,2.8598678146564915,27.901141145568392,25.228094999336886,14.26503261912924,10.885969038092881,R,1.4762606240797032
241.99263227050625,1.5669890541609455,49.097243436569435,33.215862386461055,27.471872514797347,5.878530735986758,R,1.7955612750246133
219.72723830770252,2.7527632828766917,43.34044986262133,23.994081553326772,6.330695492188777,10.45187627490991,R,1.658649571132113
222.91903390018007,0.745791477814661,50.44031531428669,34.89293179163436,11.89115503615121,7.556130201315813,R,1.633000336292873
257.2332762785388,0.6073940684391115,26.290933299371055,32.862348486060085,37.62978066435803,2.0761470422256694,R,1.6580319314784495
257.0863929777723,2.3034221937846,43.39626651298704,8.439959954978649,30.873235397893055,3.8873671290321514,R,1.6898935029710138
248.45136973619228,2.402553932453741,21.918087576997884,39.19522288055973,13.073538934624024,11.312780452080364,R,1.685510084258835
195.0087434212027,2.607645602414378,31.370864197408654,5.516160641546508,8.898408133175083,8.041734461977185,R,1.3963658371038912
227.5418155441264,0.6420441959999535,47.596204267926055,25.88933132753665,38.21218057039756,11.29546858572274,R,1.7483383451806365
250.251793972443,2.442267637392076,43.425077351097116,32.73790282608668,8.926568312104646,5.101200203034528,R,1.7615476075864183
209.957114915915,1.4413468319914544,23.453732640188488,16.61629489478162,13.997451681653686,9.165623782827428,Y,1.4106474735344907
188.0884932748468,1.2583440817054965,53.62542024416381,25.949942730400526,11.392189754981,9.720251598972599,R,1.5644017140006876
244.87703217919375,0.9325598033582423,17.400794205533185,17.67428857966069,5.261233714411879,11.756996027362554,R,1.49885092808927
218.54108410897373,2.9900393877563176,41.784705983249225,7.1215241252625665,15.994717093431541,2.181764831689607,R,1.4762365150935768
225.15141442873428,0.659158973297159,59.271922510422286,5.296153168126581,39.09626050595669,11.522372151232462,R,1.6989623080997849
258.57154370542753,2.5675200365199986,38.91771293292369,8.320171053891592,16.966615703327477,5.9159021760416515,R,1.7133546751990703
228.57691443952575,2.098736088726319,51.03023189817393,8.444335794201638,22.650670781372078,10.37992405744867,R,1.627985986500938
213.99835085328812,2.3377011106546677,41.783143793509595,26.38114220878125,31.10775243726235,7.447129182210839,Y,1.6348511808397672
209.59874942777583,2.279292799804491,50.238974171534664,23.405283083687962,24.287803572772564,7.646495430333655,Y,1.6439770373092601
213.40954341232364,2.6460862126829565,44.501736090987926,20.941215506059972,31.025702759430732,5.593778881864501,R,1.6278558591982595
189.4719266542935,0.9594801746402708,46.10094065418879,29.217251646084616,28.157255386668034,10.284725903781975,R,1.545137592234249
243.58004467340575,0.5020615420867134,25.251501798887283,5.588914795435694,26.299705804965516,4.640135708378334,R,1.4430390973911136
247.01734865496329,1.9963212226081655,48.3819411107813,14.484421849550582,27.73771175241108,6.922413861786064,Y,1.6890878778997112
202.75177076587272,1.384646598308335,25.705944899894885,32.20874559506697,32.97075267273878,7.601744987674754,R,1.5373468236230627
204.30372947279554,0.8094683277928443,59.128812381416466,36.84919872809915,29.856698818038645,9.425210934274883,R,1.698017366301731
249.94674050678506,0.9653468852605971,25.25042359325421,20.341780868315354,32.71212222468171,6.71635337041537,Y,1.5884829455594063
181.91762844223643,1.3293732811480572,25.65078016189453,7.851939304846322,10.095917339923597,8.802828988394937,R,1.3484887513196124
221.63659550137822,0.675583427216758,53.640290421773884,32.95550587299708,28.71858064486891,6.852940963479754,R,1.6901857335360384
217.0940571745201,0.6422830053211271,25.934363788326863,35.98096516454568,30.79576693139366,8.593206369585946,R,1.5643134934002403
235.21014156627677,2.7900656370811103,31.240625707107732,19.47810947428018,15.498825137389208,8.741434762081482,R,1.6358677488358315
193.07133601195636,1.2802568733842405,47.15880725305621,13.517433887209695,35.61020647451488,9.094415605292438,R,1.5641474194094798
233.4664592636123,2.955576743683962,22.143686108764346,6.539008387803085,15.664906115594516,10.23299793860326,R,1.4799445630324637
210.1387206299901,2.9109175208259996,22.1582289672376,25.687898766319957,13.534124178177406,7.407225609599173,R,1.4624516711349314
229.49718225357137,0.8564282058177846,36.88612904699785,36.84543216968747,35.3483885418179,3.9327816386989327,R,1.6530674755932082
183.20760078982207,2.287310757240477,25.966353940472708,28.7260808932114,13.645694334074934,8.796408416190554,R,1.4649999113433276
216.93817577476074,2.002012222817673,25.60460800060651,16.103700926315703,19.542586185113002,2.7711808349216187,G,1.419593225074575
221.78007151858978,2.226617682762884,15.41575146383307,27.50109135014884,17.877299051288663,4.189550224611841,Y,1.4413252418644253
197.14611222839892,0.740477500036187,31.67023160390766,34.12239426068089,36.43216378953953,9.921575286647991,R,1.5477605873737588
191.16989233432966,0.9714001965863951,29.321274957828145,21.654052077231025,20.93325084007875,6.350701443300659,G,1.4140870550509788
195.07794424098412,0.6915966536272038,16.40201148720017,33.69119714992435,29.300812665367545,6.980441676512171,R,1.414691087557424
207.53128624506783,2.010335513042678,42.95549301961486,18.716838683322393,32.791361662534015,11.8739691848353,R,1.5986337827176638
187.74481194439772,2.9664776896227276,43.19948319015093,17.19769875085197,26.97662532615117,4.351724858489179,R,1.484722324287129
255.78558365836835,2.1799613441448535,18.18602122981465,25.40460190574939,38.02930744137201,2.1955274953593458,R,1.609493476250464
212.3995249196654,2.276903837554824,29.266870330925386,21.264024619306845,33.087763523960284,3.113726095178441,Y,1.533621372245534
244.71756820053992,2.9614626038582026,54.2762489397929,39.198917216137914,19.00723196862021,4.445018596608296,R,1.8306137269587996
257.9533698487077,2.1950288854294904,41.19751807100603,23.073629823486115,38.27841451401891,9.259200243964692,R,1.7972650278038547
186.45882240021913,0.6004539315711759,33.53886258053946,18.481021012060754,23.360119164496695,9.75822031984762,R,1.3919122761808151
232.1335574347995,2.667514002141494,35.92958678088432,18.82267400949877,5.790206303071356,7.654889540141138,R,1.6394237175232143
249.7127269392971,1.4116957259469907,24.372599749611233,24.17789827145908,14.100464787851386,4.5504639869816135,Y,1.5706953441698168
230.73875471733828,0.5109090537867884,51.53466753185676,17.42192133028684,26.76053554630433,7.2174189452682365,Y,1.6874583505113148
214.322089708593,1.7680854439020515,56.13021174529354,30.301731068772757,10.488521581355286,2.1495755593393424,R,1.6412387226635945
214.48610861103506,2.842537502190659,55.979881901251964,18.32320246955743,25.44238157126213,8.818009427417962,R,1.7044974341720838
182.8719108805887,1.143326717987458,25.077047626153487,18.445053528383507,17.65593078076354,8.142975554091679,Y,1.3058252996251607
222.76806010314203,1.7287829326320998,28.98331204994056,26.594063728188164,23.70349180203959,2.217965393815436,Y,1.4645655709014842
259.4834397429478,0.9344422194559769,22.228024866429156,7.129640544360349,5.06561967556385,10.170116336327956,R,1.566229606300383
256.69660207775473,0.6442316791661002,28.824051013454092,27.937422134030115,34.69474741340444,9.634265351621217,R,1.697652966864478
183.23193830737304,0.701362366782783,29.976241745517015,22.674027600554048,17.667392072143492,5.082237455683131,Y,1.360552790985111
236.46376029035906,2.3175272649033887,43.4897581679086,20.855914000032456,9.905545199728357,8.35376650632306,Y,1.6353384262914539
204.14118933575446,2.6601861768553725,23.53408716966561,30.173854674778298,20.327054995177797,8.014929634649732,R,1.4750957014363448
252.23913227249093,0.8582470981312278,56.37286159654846,31.538952370170136,22.016205272109193,3.4318027922687024,R,1.816730502377713
183.60917965674227,1.2207964195261718,19.63947615383895,34.61913021943607,27.30909486736661,3.9325930111436582,R,1.409047945182449
254.86992816088645,0.9875736691120682,15.309510496544988,18.118109228610656,23.35968541232979,8.832061362281294,R,1.532907601563213
246.99805950302215,0.5671394423160698,53.472530788373994,16.44631922886834,6.523325372347193,11.335516462700085,R,1.7358100206195681
189.4003505802081,1.883578424717459,46.669641349472236,30.001973552308183,35.50293127272177,7.762843206987531,R,1.5978756614731147
184.78594698538393,2.249805425344119,30.99119416601993,25.363170069915604,20.977812612543644,7.678131455595449,Y,1.4407632487261364
246.7766131461549,2.1196937022126763,41.79748676595531,27.11305412231358,7.694572038655313,8.466816947038385,R,1.755370280809921
192.46061367796636,1.470133868255619,25.059484537765503,24.443301748704236,32.04898827852148,6.4057830017812885,Y,1.4125098082214071
222.79185223806962,1.8875256148497632,22.57753418904192,32.04425581213491,28.105404657407387,2.5417204350134375,R,1.5481642403076383
253.25958863029678,0.7352482665905617,36.20171108124252,11.65143109722536,27.730322046922762,5.965038467246972,Y,1.631322292505032
225.39584908394588,0.8857592968067112,30.893452337443236,24.449924645948887,19.941990060744637,11.002522101178897,Y,1.571671790694233
211.77866411782594,2.8294865488824583,42.685352274088146,10.533562613027044,19.367397191734593,10.049468003915486,R,1.6136398199717095
215.60128438831939,2.403769369549742,24.816713305246417,19.253817875184716,23.771852273557,11.274235685770654,R,1.5356052334239338
185.04937365630968,2.8068477395629183,44.83174652522784,28.239783819562618,6.7708044514686145,3.5283158513241055,R,1.4891510631814973
257.5001857089279,2.791700711248418,49.50876841362659,22.257506290995963,15.46352174762723,7.059577570388295,R,1.8290155217911135
204.85233480648662,2.1234815427693516,22.49862643628135,18.285703783526344,39.57629607468307,7.847281548129438,R,1.5013671850224293
195.1490793338283,2.820596620280413,16.973622753806218,35.97395004954622,28.176737119482652,4.099255099929744,R,1.4684708279636818
202.8837841472316,1.541760257706158,34.78143188856024,32.048900007411746,19.662695789606275,4.0097023926897,Y,1.4097293444992112
257.1498555913183,0.5090406119623523,49.83108386965967,23.420177475013123,12.782708602915857,9.820329326428023,R,1.7705501904473995
187.54288427904055,0.6564277896153985,44.28509260083642,38.25186044864208,31.08232766650817,8.718519170522066,R,1.5787445256405561
249.38424324009452,0.7737183142520381,46.58467741865661,19.852785130224785,14.110160839716698,8.4718753681516,R,1.6962307575019797
236.62751155211583,0.7383836329571507,33.12777029970158,32.58255246558371,10.682953634620336,4.669874579830149,R,1.5997221076740775
246.40153433272224,1.3792559771256587,25.572549536388145,10.877768393049628,10.408021508200054,7.067694242472069,Y,1.5277046591519863
258.0718032294317,2.2531770177733943,38.930047947807424,15.002736698870894,30.524214770765635,2.2306995348932785,R,1.6990111824835308
247.37237244134974,2.4766220165012376,24.19645621871386,16.83299534668842,27.49835890010511,3.299460526004279,R,1.5649229294706617
255.47058810222825,1.9755331858615617,47.68029136432796,8.703726344658316,7.443213477993071,7.182508627607913,R,1.7242330533002006
190.1548205432736,0.8660904363924489,23.863490518176466,22.563168527662377,9.026498537677089,5.096722756319128,Y,1.348928133951205
243.6630852133576,2.3697540053704382,28.106847002145365,11.729104694427349,27.184640357375198,11.656697568965166,R,1.638808175200937
223.65405552648383,1.3870047978439974,37.794515024535244,27.19650613073805,24.989063565525566,6.714847232670106,G,1.6190569647940403
223.47964760638885,0.5324833716794906,36.90194703645727,11.65323258505564,29.00996711301347,2.8356415635685064,Y,1.523152562895228
251.9137261056411,1.2014715513318734,42.038221938316326,9.322719006874637,11.231361792714168,2.178423472553124,R,1.6166873438496778
257.7443054917369,1.3265013853524448,34.685007022496265,38.91803546596236,30.430576717600847,9.252578738476714,R,1.7811122698580752
236.38706584345448,1.1856138380452572,56.37629888295411,28.03841070338872,37.76337635656924,3.715067380503139,R,1.7874115637922474
218.63507115774271,2.529675382968964,52.79703423887347,37.775782014797095,26.03676100874044,3.8781236900505904,R,1.7337997846576896
216.51230863214764,2.399815993985226,54.560105305648726,22.14607271976312,11.864550687497434,6.238072226406711,R,1.7052902517488489
210.90731657785454,2.2388800760316037,43.328245713154686,6.169086207218099,28.78403493494373,4.640605891534646,R,1.5509295413094206
208.927922365813,0.8475126962806632,43.575356213736285,25.10299096510054,17.007858924112256,8.165770797461896,Y,1.5480012980940594
211.3205473347545,2.519584774265705,42.41394076721769,24.541511039249798,6.72507112350025,6.856925072237638,R,1.631834533849747
187.18025882009562,2.192939904158309,34.56978694896553,5.524146207780789,15.581854337337447,3.1145060147723007,R,1.2929984708923166
186.19488682083505,0.9870942162034797,29.494770048026815,35.14347155406411,36.695478568254615,9.847408479094485,R,1.5120060592684181
242.38958750978495,2.120234825703791,41.64012993519916,26.698973821574864,19.38987620615913,6.258588544142481,Y,1.6794483793536628
215.6858314336181,1.7087791025092027,16.148932671230263,31.064190928165115,35.26328683108824,8.108343195893006,R,1.5512180738915813
254.45475908356963,1.5983751546405627,15.335539414071137,22.287238715513013,22.803077023297707,2.0394233253268172,R,1.5299549192865787
228.9776806875162,0.7803079086809721,53.32388218335368,26.644085326789206,23.094229613586002,8.26400033436537,R,1.6899047898055266
182.81407857475358,1.7957606896129135,17.089082014992997,14.011446262998348,5.1825712372713015,4.828498570309344,R,1.2356543326254394
192.60186730539834,0.7498295224309091,38.61578176500382,39.08152187190265,27.298642565114022,6.943707432099935,R,1.5231717098276885
196.46558344104062,0.9106334681356666,42.67444933273403,19.02520026416828,8.773484576064709,4.9772060382128975,Y,1.4422630687936917
258.05888195117285,0.8313657856869068,23.9177053330096,10.681431746817019,21.7561945138719,11.962607446422428,R,1.5912192486584888
197.4963380921308,2.885270697675019,55.30788772193168,6.9570396431119566,14.111089948033463,4.308423147116235,R,1.5169551040238416
221.2604541030441,1.2121617261097253,23.554309728676877,27.26601765798799,18.73340380402602,11.128596014892565,Y,1.5383527325341688
254.8941545312157,1.3880108089900194,54.80317443150036,39.41829479117595,23.797707448338027,11.17966631829917,R,1.9101353863659492
258.17541839314856,1.3052015157400902,49.33456211998658,36.352807389619855,5.506244011069049,6.210006529343677,R,1.7634474850229096
198.90883483068356,2.7456261129453594,25.833432908588726,29.573659862024474,14.960425414506798,5.040031155233562,R,1.4169011926254387
183.9294115000032,1.9074147783372213,21.78348748242421,39.670927514750126,39.63641770021527,5.810355468987911,R,1.4643525351180606
192.2881466030207,2.7978997473332794,29.23047195838058,30.29898917147373,7.008969403719586,11.89339087391798,R,1.5119978748068539
185.06627829620464,1.249812264569739,32.907775482162364,16.87378931904886,16.178772085507894,8.187962273376062,Y,1.4100357522271847
195.6099392873869,0.7870866860798724,26.060310442451552,26.04263465710606,16.249751623762688,7.447802378206386,Y,1.420705637754014
225.48557717629882,1.8905461318104364,59.95011969394904,7.791832486994654,18.27850723264669,2.359178813394273,R,1.672079585889852
252.99590370365135,1.3638424794750437,25.334355130781148,12.75888715778893,28.967332145482086,10.478430303970256,R,1.6393122082615064
222.9775106955472,2.504767083726871,52.37856721422856,19.61390825749723,13.67103295390376,2.83805455807199,R,1.7028097081257196
230.07916453592645,2.6985585222791464,22.160298619071277,12.063647274706584,21.109427044761848,2.4697236703438135,R,1.543450243119073
196.14938012876328,1.6814337772676795,59.111008137417635,38.37253551898597,27.57022483983572,4.74858086117992,R,1.6358913976608058
244.046689653908,2.928397560213771,25.14855562273882,39.84591343606273,16.2812720415006,6.757886050575182,R,1.6193455069814124
229.42311268044665,1.8825325158610147,33.97598496526165,17.98275720425829,38.20704031761391,10.952889600044005,R,1.639683560876104
249.130946335418,1.177300983465781,40.13538300455579,29.823014512701953,39.28854222299385,9.900787990828386,R,1.781884391958373
255.90744856046274,1.7224387883606864,20.412857182024197,19.271975573213417,9.18857486906289,3.9763214450584297,R,1.536592681129086
207.8320620605274,0.593275731007319,51.75690303655956,9.882822153517225,17.033695954028353,5.720795284272765,R,1.5397400826541379
187.24632468283514,2.510002900657669,27.360848970637342,16.7924396695738,12.279022443226637,9.802402646188828,R,1.3956682755794887
198.0743166333426,0.7535876271360524,39.71714557207487,13.168009455048212,11.53763584449903,7.270924474690974,Y,1.4169686085489153
215.02732525406697,1.2718712212575123,39.73352148119611,16.48273771425969,22.184294341839784,3.7449194202407927,G,1.4994801712142174
255.65549214595785,1.9132913675123584,42.11882935466032,12.525759093920078,24.733948784720763,5.960552026783334,Y,1.6875906237594067
210.26478578987323,0.6074378141172472,17.49686939359416,8.932079167038625,19.897821420915974,8.25935804509707,R,1.3687805444513195
241.6618570932296,0.6982922479536207,22.587844282420555,12.609995027684452,14.539420558407624,11.732256748088346,R,1.5100092295152816
223.23813537366038,2.2402908940325323,22.25365093155139,36.7014961140445,14.751755098877387,8.61812054856409,R,1.558892893217461
194.62470163447813,0.6794427326519219,28.592306673713335,7.982758652178505,39.724485471925576,2.1619516223139694,R,1.3626574037114374
205.65872951627614,1.6927071656184411,21.521137058625293,16.366482531433206,37.32870808965877,9.050082766325282,Y,1.4488041532962024
232.2553508018255,1.346739083551876,56.486459434843034,23.49574630759224,7.656459434627501,4.508648074572305,R,1.7087638139665813
233.82827157479147,1.070198519891041,38.082950273008535,17.407942966242487,27.979272819864395,10.621589142138149,Y,1.6112269899830245
214.7807797447237,0.9719472446591635,43.0608816466208,23.116248325661054,20.990716261969553,5.838899082261386,G,1.5371452246757742
198.29164821296916,2.4085282343314485,31.08696789291544,6.519702108202389,29.10849340197067,3.9961503775430023,Y,1.4146365060687243
237.7525423610141,2.8788554828757063,27.43107634652602,27.699937167753223,25.89362469391937,6.679471865102345,R,1.644821727950888
193.50984332901717,0.8504493555083293,37.64297266044959,24.721758054462107,36.12383400288461,4.551979743150055,Y,1.4603300723186985
254.93357534921012,2.8992030479353175,28.24453386756751,28.833819304914204,7.344591000108876,4.358214884978506,R,1.6826948564589117
195.03228632291814,1.9869062586877593,30.464066657839393,24.854023553953294,17.235926922019694,7.73261800773493,Y,1.5089423709104313
188.58498902660165,2.104151013408143,35.37378934218857,20.32662538489821,39.49229440214546,9.673462708508794,R,1.4968764096723768
219.8118161892303,2.2748159453564547,37.758015923296,17.254953980292886,11.379987214671587,10.349543741598756,R,1.6145185079375781
221.56396784877552,2.260297225886452,59.29413053018274,12.925231653492167,9.456670382732653,5.97669870470391,R,1.5966206540160193
220.65543318225957,2.5495277704642207,25.049516467287322,22.50237043823144,30.51402021002014,2.6680376359693927,R,1.53561393913191
214.93339914710717,1.7086716283692436,36.95892741971912,5.911835833212744,32.210230600611226,6.839749984655533,Y,1.488078987375528
259.5851914263687,1.8333964687867528,21.72802827702025,16.488428983476403,28.529574168613106,6.337814770283859,R,1.6328684508567868
218.90244901364656,1.3095675061585397,30.74996547185877,28.72553027475853,32.16685400659739,3.969789482530394,Y,1.5203597973564347
218.23572645918648,0.7631439844577926,47.27898234178819,8.805096389022573,29.280255023261027,10.961449011441202,R,1.5963378355977988
213.7412850171649,2.161600477315548,22.850796469225855,7.2011934811835,9.751973880121188,11.741482530206888,R,1.4112269803214066
185.34606037611704,0.5840249229656274,41.160808839751944,27.826251185197783,26.287766411747747,2.517471880330814,R,1.4389499825914431
227.43653049196928,1.1890876277084206,33.75154606056032,18.922115239982258,32.19068388958364,9.957463798574324,Y,1.6437419636289172
198.2374217778546,0.7355746611152507,17.321079498201286,33.06387627922834,35.293081221356374,8.457165579415387,R,1.4339473670196943
231.008718418324,0.9768178933067951,56.98838586653,37.80589563899633,13.618233493929768,4.61436258165908,R,1.7930137677912474
184.06667695587817,2.096827282243452,33.61214131317989,38.49641588064019,9.46007663284885,8.35156118282813,R,1.4783998915043017
258.5109681002401,2.0711915755122954,50.27669410880248,19.895749886296272,32.33816552539029,3.286431916834745,R,1.8160732459172764
217.52040632101378,1.5526372824892802,33.73410699293102,14.25145284962613,13.979192076248289,2.694065082974973,Y,1.4184163971953476
251.74042972725587,0.725429941223728,57.18121447104531,26.301480855986732,6.117531741231057,11.934890750522605,R,1.7980719259283962
218.0448938586348,1.583434791148521,28.071165049300387,26.986752407488275,33.88247472772565,8.3636985845866,Y,1.5503887867087005
184.82646548593775,1.3818621796457335,33.55037923594636,26.782072762656384,22.709689683380102,4.532226245332335,Y,1.4599895795075766
245.77708368750456,2.3011478821398743,49.14889081166788,16.26225148016084,16.43215963499477,6.500339559037659,R,1.7171890961436065
231.85469837337075,1.9475665204976293,30.465029187638564,7.231310774605606,5.4000186831042205,11.500881822978403,R,1.4725010382523402
242.5405638059156,1.7289144183424974,31.396068210083072,12.350169358895963,6.236460564778169,6.387250683868097,Y,1.5107096057077614
214.25358908070987,1.717455205762488,59.76704280364005,10.40467998077818,32.74181446961032,11.004445320023443,R,1.671247553936423
231.0349395397316,2.9157422181510473,40.00265365606584,9.336512102415858,22.139705973770255,10.688091979784616,R,1.662013219327517
248.4983203037286,2.3907355542586264,46.022120415156664,37.419916237505056,10.240271725376106,5.441563160908433,R,1.789463133189903
230.48523542975101,1.7424489011503195,43.95580053691244,5.484667609088877,17.547696953715636,8.960090040771025,Y,1.585199148600288
207.81389078687226,1.6980565322224441,52.25658662204575,26.06502087327126,10.785680163813302,8.604985037825925,R,1.6142981300747685
233.002367549296,0.5661977532624086,53.78212947487844,38.161582850904786,8.950854361313532,9.712118706198419,R,1.7685107029004516
233.7483350891254,2.8562731582995164,40.346525961163934,17.601859462294478,14.670773723595026,5.659291642674854,Y,1.598390398663378
256.84695700053,1.2979349294183242,28.255023373487973,23.448433121036185,24.23279916118391,2.522364984981327,Y,1.6248228381133627
209.67298572333354,1.1398477047018594,16.026011140873624,29.352428221630586,12.35023127342794,3.71039241112511,R,1.3896139741385904
214.0065414011305,2.9985223134691785,42.64814629789441,16.10093931303836,17.028487844966847,8.165536876737592,R,1.5867951186573717
244.96983689496471,2.296724178761311,52.14609749695288,21.717819569753722,21.727580938476088,9.751001868973535,R,1.795965522817025
220.4609851794193,0.61840943324822,35.27429124802468,33.59859976164632,19.701040871410317,9.56048634535596,R,1.6015521618264421
238.92584744925864,0.6547136925639412,22.411776322088894,31.087448284809224,9.501972969245138,7.836815851150306,R,1.5555627195748805
216.77675715628737,0.5637539099004947,27.96369328210384,33.29572940224942,6.3602972437560865,2.847581457148925,R,1.4259262635288399
197.23961134501604,1.9990472487821727,37.9495018280339,39.55690572696796,6.241055443212862,2.1728862718581246,R,1.5214672053776939
239.61630742248087,0.6789112501548795,52.65065485399499,17.961461622766265,17.256265630975356,9.821417573220728,R,1.7321285379328635
190.4924135347768,2.8334708921123264,22.72889157307893,31.14819420275206,30.158072748806298,7.493764341898627,R,1.4768163916709218
195.88669308250465,2.8422663500566947,42.54674440692814,26.0974598485694,9.593935455524473,9.827121027315078,R,1.5791656257803874
230.1459986227367,1.8651351668701994,48.901587627774546,28.331166852741873,32.5443040727549,3.6278846147938886,R,1.700237269657565
239.78158401536558,2.041597328489877,57.12213841506704,30.895586669152706,30.048600825984288,6.074231707711435,R,1.8375650239032755
251.57503094942518,1.2297360038131244,20.251666125548674,31.240596093121017,5.1380221809963915,11.19169287077973,R,1.6091691550718192
201.80691979327133,0.6599313560206833,56.68762353740508,36.00108022531869,5.936175554364579,3.715979912471657,R,1.569854223649809
188.85794068804435,2.343651112979539,42.066039082851574,17.22625863326194,11.826162543831806,2.6152690381254433,R,1.4559752205275498
256.4837327618103,0.7544649718725436,49.50157143445287,27.871847463916872,6.9642318867704756,8.534673837817484,R,1.7164037057139208
192.3538470417714,0.7138941025459828,17.419861930584997,14.810165105889954,23.597008684460707,7.945363406217563,Y,1.3226720674427905
195.81335858037116,1.2780577730105596,37.77666700382678,25.809904679094128,6.386954151044552,11.520305058577334,R,1.4925285976154334
203.30635628467726,0.5311641495947051,43.01833533363572,31.291129906017474,33.09260432983892,11.064684210548759,R,1.6016254209635723
222.351308322103,1.58508903939079,28.80752279427781,32.68503801565741,22.253672413103367,9.49430390220571,Y,1.5962035887324344
250.62604528272624,2.269202275200192,34.42425936455637,19.704357604619297,30.478402833536716,2.1915723787825216,R,1.630041381902246
240.84368181838937,2.5033723285548475,39.94341608758191,22.80520781204759,31.27458928275444,6.803869684065601,Y,1.7162038087431453
236.6526043074108,2.0107682594973033,39.86465728978409,16.68474479095605,22.736737888458144,10.961019365370388,Y,1.6690617909813286
194.0144454284803,2.6171855077847814,16.883768643307715,10.916272128887067,37.38770066887132,6.336510881144773,R,1.349483036671291
208.61461052207795,1.5162555094177759,34.77667949605016,14.118109181738626,39.65842708493578,11.621457196129947,R,1.588933039256042
218.27239408693424,2.6219302126511916,24.62181696565039,36.924795171493855,17.572514010509103,8.524879806439825,R,1.5833953488304513
191.79407627884686,1.7661832762459482,56.25127851384074,15.81393398432606,9.405244908723173,3.094571275427941,R,1.5255343392589433
201.87437617013381,1.0575903199957382,58.946099555550035,39.11657667409636,17.71333625267534,7.092720751866835,R,1.7207261353826933
204.66665631622755,2.860364116651165,28.48411033584311,13.45173298253836,12.817386395499454,8.956171356451476,R,1.4948426010057576
190.18209586632315,1.1874271845927913,22.883342876297643,30.307488061836565,23.585198347161253,2.653689722396207,R,1.3867475754719796
224.01917535266062,0.5655037104694828,24.87768679267544,25.08661527501425,18.24356604383405,5.446495320707674,Y,1.4703099279802434
236.40225572193543,1.1066851073875674,36.49885149088291,29.39045173336795,21.81572950003768,9.170810630539863,Y,1.6228852879461966
185.5945305181489,1.4167189031435694,54.35275196009303,27.538528131321335,31.711565162660055,3.570713623070341,R,1.5684255604998305
218.489848141052,1.3783742082231603,37.501629672193786,29.736200425915623,14.590734108964826,5.483398982705226,Y,1.5935416714110922
242.5768956214236,1.8116687736089292,17.492642777188394,36.69414669524106,23.81161536239039,8.89910322467234,R,1.6237172244662919
239.83921031619576,2.7078172050898086,16.79485212209148,24.72143236218685,16.730643726504095,9.755409018641139,R,1.4821774667731669
245.20584769750033,1.2308455677742478,25.232592553028184,7.374707401639832,32.473630244223145,7.185117938254206,Y,1.5640657489254775
215.85925065364856,1.8019265198979222,52.9247074924243,14.478890205641484,27.38378213426937,11.568575277000097,R,1.6966229914162625
245.64456661118885,1.3503473842211984,42.966625089081475,29.787664314306735,5.297665567871376,11.253308587989965,R,1.7135563205329116
199.26024569714156,2.554432648433001,40.33310342038312,22.292611979148568,28.101796938682643,6.734370539077851,Y,1.5772283446610393
208.8648449134012,0.894003783221196,29.353631666218895,24.19931939168904,10.95567028233038,3.602744101113224,Y,1.4427285480749046
194.1084461134241,0.7587756707751463,56.82414322707843,25.8803159383102,30.356582657106372,9.729315638839584,R,1.6142250968999532
217.39876315428575,1.7574881330940044,29.90302102329596,18.392024554459947,24.856853339591034,4.43139575393144,G,1.5247664993410415
211.36480179323547,2.1797189644137296,52.5724985693826,32.08634337807493,19.051893720311114,10.42821309999105,R,1.6778927144781604
199.27416931314497,2.4888130027269164,55.315658308914784,30.3237209363792,29.292325022254047,7.871443411550983,R,1.6829938318241286
240.14245673846253,1.974062132263291,36.750075594726155,30.000479426758986,34.98076500540731,5.940930063977466,R,1.6939164358699264
205.10774176893173,2.4346244032975015,55.24301712663342,30.035856091223064,32.25602998517256,7.563833585825442,R,1.6847310082506202
201.82434641166685,1.4817751464023095,27.45614793259712,36.16253005789868,24.088274680016763,7.328087684579272,R,1.517212696455961
190.47122646803962,0.5821691756661724,44.629504178247416,25.838747280514603,30.294301209083542,11.247328458999176,R,1.5856619888008228
215.1057361441559,0.7902482697538913,18.95836868359738,38.84752698239354,19.487009403746377,4.143630497615629,R,1.4950832128645037
204.23717030698415,0.5968065030724905,36.32703963415773,9.171743953672326,32.61591425470951,11.281584525516763,R,1.5079755823529934
209.5418273072775,1.3223591261912317,24.779931097125655,27.118564180785253,34.01681620679864,2.313410414598555,Y,1.4177520700945252
198.8797810096442,1.7387283531717057,17.824347506877128,30.092429107752842,9.805284290673956,9.692032815330766,R,1.3806112674173874
241.05243918559205,1.3907937091423483,15.167647863492933,21.702714383402583,13.33109758578812,11.196681307115652,R,1.5266599982151696
254.4002677883774,1.9014986876659805,29.613845239836376,15.087293525992777,14.449605807220545,5.9405219098652955,Y,1.6015381608602348
219.83454822311103,1.7015228712319692,41.528876754154325,24.251310844888465,10.812860164373205,2.7306718699526726,Y,1.5391565940670777
231.4398738672666,2.194857004659851,35.48536564430208,17.766168810174594,18.738725241409725,10.0466753149371,Y,1.6643717856971278
249.37378212853648,2.1674054089085155,28.579618433377323,36.819342487373575,11.756162400736429,10.42864855691735,R,1.7053364703084388
259.9063709866927,1.2951603677716987,59.6040013849313,17.48773443866392,25.843875882431334,5.362573879884535,R,1.8277749150456695
229.08131877838656,1.365536138402729,57.2786267990855,11.149744744574518,8.556540501416556,7.185932856859061,R,1.673491649838649
251.18235732318948,1.9628695541032584,20.654398807687357,25.17361990579085,14.447170355936475,10.094690680101495,R,1.6138566893475286
252.68865972445136,1.9910811697271045,33.67983420008227,18.859740698312926,28.293222608122484,3.9204297725011954,Y,1.7144317438665666
243.31611902460978,1.2867497840928328,44.19811202971249,8.356435068029436,18.949079309667223,8.289757563912701,Y,1.6130964852085914
216.87451128584883,1.3257947144385631,48.00708588884715,24.76948228492679,19.751195964869268,6.306306595158191,G,1.6041271567778763
186.49232003391194,2.235112532965368,31.48674697092707,23.82462439079955,32.927383853543624,3.7441575225426353,Y,1.4150572977619529
181.26444443521072,2.1185270571901738,48.582681573090646,11.061898032161828,39.457904365184525,10.314402072509596,R,1.5736298959913118
218.17605066263397,0.8376270116994368,20.58675058098052,25.917335913594503,24.777372413897453,5.246808321999267,Y,1.4733280580112211
219.54516268276942,1.6026046991884835,29.931568136596713,24.857564085012115,7.767351001226271,11.344261156550163,R,1.5301778454659225
212.5889910290378,2.731765196776476,47.23949290901572,32.07644180645568,8.601604097827257,7.68933869819802,R,1.6312193316083308
225.45338810330918,0.590764190261188,43.15572556171688,17.654947544492202,38.897525271029565,7.145099813847383,R,1.6529882182342852
224.17301626435417,2.637909866210534,52.674459668774475,13.706583328227374,28.773221946196507,6.233059442193591,R,1.6878795072194726
246.92904328261545,0.9079453926603591,17.10856602002198,38.292696043977145,31.336419141683677,6.006708898563054,R,1.638759425288984
188.692568260981,1.7681215811542899,22.847627302037182,24.642613297397585,28.651731518993948,10.17966274837104,R,1.4275202766995216
198.01421328844364,1.5608410723075288,17.18225620223849,5.949898560946311,11.286616059330365,8.775008494861261,R,1.314525587912848
243.44039831677043,0.525323343353647,23.645140091214508,33.72490894391102,20.69267562886667,9.736901311234224,R,1.618731207144176
247.82694937789236,2.78849234272408,15.192726478482076,11.886532132162927,32.9328153166778,6.210841596112086,R,1.5257586988331702
259.5859370896694,1.637313068335764,37.689463575548984,32.51127111760452,35.32270370297256,4.6143722470273545,R,1.7596222538578878
249.83296131096674,2.8856706919015376,38.7741478005715,29.68068495045877,13.306743016123022,2.8686521852818196,R,1.667879878398228
251.1919205657865,1.2168597524480447,44.60513016326976,38.90848034921051,25.858662679183723,9.766559899840448,R,1.8250603933181866
205.1478354103924,2.665689433539931,32.32106012404695,38.795275555808416,10.498566595845869,6.152764305177041,R,1.5730175890341667
212.1329307207501,2.805973934989076,15.14434608083328,14.604371862951599,38.5396905592613,7.09223592096683,R,1.4704694683230486
201.4468083856441,1.8920810409269515,45.32510194834367,31.825735342819645,13.827150114737066,6.693432351970453,R,1.5994847898087816
228.50395185541726,1.0066944696692937,17.443098948656065,16.089928002297338,30.432229501136383,6.311378563692402,Y,1.4520997330360548
255.10442833656307,2.2131185802643003,53.977669386798475,27.0219278590358,13.088953047939903,8.838995770678498,R,1.8658363298297447
207.5712709209294,1.8724451663236503,16.01942944685718,25.92111297341076,26.561888000748958,8.087341157586085,Y,1.4632418234115556
224.56014255051602,2.8613241646315646,38.871380546548465,6.909023046740764,28.074250745792977,11.720537986443055,R,1.6529844414334067
203.7039704362788,1.5981801545262295,55.271304707348435,5.181361244237515,16.494983620916344,3.389039076492317,R,1.5516561210767024
193.5839979018166,1.171284119099555,40.762030910495106,7.021740510818333,33.65918528991179,7.735193132327168,Y,1.4555451673958595
195.61484238549247,0.8457175037352678,42.37875359447685,9.477971663610939,35.98798143866077,2.6324016340231395,R,1.4507114565357475
184.6356275630504,2.2465839217166987,45.67248817518326,14.01783719717208,34.927447558889824,10.079184187082,R,1.5523480705552546
255.9434818407406,2.935274047451456,20.508398147871016,36.74343281348968,16.577937681265105,8.163113332510932,R,1.6589403951043205
212.23036868061035,0.5708594264284962,45.37171953647518,23.15214363713402,31.05190906544289,6.283788159925379,Y,1.5561164619110548
246.72967136016865,2.351113386945317,54.615969690576684,32.8912108594276,24.582176420422847,10.022356546439461,R,1.8284527600778784
234.5063578151753,2.8173259063991667,58.83993747758924,34.34091132375228,25.741991357220407,6.550026084915783,R,1.832790359354407
195.35369291288683,0.6869538355683733,34.93733997112562,30.723008450668942,21.709877984046166,4.277860953134471,Y,1.452737561826621
194.03697972632702,0.7754251127653329,30.50271832548961,18.698479354720018,26.009140178910506,6.7250076111033685,G,1.3762518597723628
244.95905612084357,2.2298927461242717,48.89893270183427,35.23507878443439,9.747895531251249,2.708317966373392,R,1.742334216910759
201.176936849563,2.1199084397394707,39.429342964289155,30.97174136623222,19.309653159110937,10.978611096393875,R,1.5916377353890792
253.06281469615806,0.6720685382906142,26.57870945047637,31.010300519176837,11.21851166957811,9.309583747344611,R,1.662504721243222
191.20443237515926,2.586056880377891,22.747104823636633,36.55510145079492,14.803693583999902,9.603157862150276,R,1.5233270971110175
234.21668915635757,1.8085596196122309,22.660363526673464,25.95322153601893,9.473508757274683,10.744933040184423,R,1.5710652101880545
245.1579100824747,2.7679934333415313,35.662966647276846,23.500105048676183,12.437346182770701,9.915725888150837,R,1.6720154776371579
198.8205110732516,2.694977202481761,22.655598252704255,36.155689515897635,32.36752395257005,6.3185259025343985,R,1.5252539309573327
202.09658907652528,2.531269422625414,15.88735248051686,20.906160485746888,24.24427617621846,3.1863640152544965,R,1.3737805917170474
257.1615108911361,1.7897472406110533,17.34399487363605,33.4049743610095,5.827509147928225,5.733647799809527,R,1.5840139051699023
201.16780842769265,1.1292766043735807,56.84480447788346,6.88462261556827,32.598356933074044,11.340847143797223,R,1.5853100249228682
214.39656399200382,1.7649387597778314,18.28326035220611,5.045148055971275,36.83139385753217,11.490904912313797,R,1.4283761233366055
214.6012474593893,0.7520284445044502,18.29313107614318,23.490237136152487,35.81502465239232,9.678708655237955,R,1.4682397554867852
200.2427799943747,2.147115371183565,35.30348004900896,7.576416283573308,33.80559090056626,4.044305830713875,Y,1.4667221979392273
242.06328691496725,0.8349430480725191,26.029512705076463,39.17900547085723,39.72757549803279,3.9444985846416065,R,1.6547749577014812
241.74794745833242,1.7779324062518076,58.3212233477624,5.1925410913929575,25.52406844382765,10.797715108807203,R,1.7943328920439299
210.26544113790285,0.6359549354170444,55.994362777401186,30.135237277452624,38.69056699802167,3.419159230111248,R,1.6799279028253986
246.8100632864587,1.2487812256866146,33.21344619020702,13.518464352517723,38.20954813754996,7.841374773324892,Y,1.6481667542718421
197.0459947519202,1.0802011516744696,35.192918373731665,38.864320184521965,15.963355567620376,5.782516822790678,R,1.5038118879848124
180.3444620534143,2.050078856779176,31.88011438840066,18.353957771976365,35.22018146195548,5.020110079611765,R,1.3818187750393762
225.69338896445927,2.466966780056272,16.703975248940772,5.95491991923528,32.7365432945572,8.773820256769804,R,1.4470608746445444
259.52622179619027,0.6432573863513154,28.178107766461892,5.942751789307396,32.15295720903799,11.595690766519379,R,1.6068383386826328
183.09154478615076,2.6257092128884607,20.520306132539286,24.3680680103641,36.36982699521727,9.776337382402986,R,1.3639849285117949
196.63984589667683,2.6519192373865113,19.606664850680524,39.53491926609484,18.44665034721077,6.861625931015539,R,1.4468876213196857
221.51317139896673,1.355672685720057,40.23877078213745,39.29207372660018,19.001923806058365,6.407115082022164,R,1.6871048489410536
244.79525891558967,2.147510164925805,19.4444185971103,16.8045540301243,27.401830822127273,11.076641883223868,R,1.5969876900648883
187.12336040600425,1.5065325792586237,19.63190957078686,21.894627721611393,30.823158823501974,7.781070984737539,Y,1.362446833354924
211.61877230071156,0.8854772054740787,36.623117166870685,8.515953202923564,35.790798593016504,6.966390230661952,Y,1.5038798635870898
239.76606405039092,1.8216560464077758,34.90270643051875,23.27618995971061,35.654586223074865,8.82835869531423,Y,1.6303445526239466
209.72345667250892,0.7158991862539916,21.193565330956623,25.98955596668956,30.246886853519097,4.371538171295264,Y,1.4355677158515898
195.1069136380511,2.6961803884899695,15.200206116398835,13.787158296396237,38.4912472237533,2.637354875748797,R,1.37664721736159
195.63966619172697,2.8107243985240213,23.683849879552973,26.424005257031084,11.25200166311848,10.55111440485344,R,1.456691081827417
212.80390295319955,2.554032842528509,25.615151438191834,36.48924630936888,38.26189465130302,8.07261700699457,R,1.555117362468386
218.35336598447128,1.9063203018899464,51.01117996239904,5.0334366698218185,7.2467018711767555,3.6487710122506885,R,1.5214306734175211
248.94515342528112,1.8939964778136373,56.19472577372468,13.012682100778058,24.446765841717138,4.980479265007472,R,1.778595947657357
231.3801934854395,2.9615184415023244,33.26749788695864,12.347184716337836,8.15689349528428,11.899335125895307,R,1.6008365738438721
235.23215636124013,1.1197542245779573,33.22620269254401,9.336017106183945,24.880034131934774,8.344236324636553,G,1.519063893949912
258.63897372287255,0.6898709147630187,47.06165776919401,10.813542445798566,18.65383993595018,8.361121409671224,R,1.7614946779263545
212.9474752240779,1.9048523090029443,43.211490706711004,26.90693908778857,7.85633010258354,2.72163663208722,R,1.5159747119565032
212.26835225993028,1.3219639945252584,23.286308401203414,8.594303655272492,27.684088175846593,11.689917342439319,R,1.4428977983520752
253.86775741806497,1.3058469320201107,19.84601050331376,30.84860631572526,30.591929986799464,10.927828895587206,R,1.6363256536685054
199.6700469604047,0.5177133854248701,34.69253507947728,36.04579066954342,11.096489476699347,7.477824422632205,R,1.470241896113692
238.3852197042293,1.9905985238698325,40.417276342324335,37.43057034624292,29.30528517580691,5.093889164508735,R,1.7143970772747708
240.36585105745075,1.1600842556890352,21.241842142146417,28.106153501189528,11.266664220170652,8.980552283860916,R,1.570439752658321
187.82303979563545,0.9696463704817024,28.197307203380007,11.90887437217656,9.808875726034678,10.333743944718691,R,1.3829921283960624
217.45851245548673,0.6010798284825093,28.76743483937587,7.985380143896776,10.1577143283661,9.861214098232535,R,1.4202288560598897
196.0449977057243,1.4109039411890283,26.758419046087383,13.120873383244987,25.967746413401724,11.770473720478789,R,1.4053097920452757
194.83002182419887,2.6974221809661434,35.73425698313059,38.66850150247649,32.25767828443111,8.368553986669426,R,1.611849950196252
217.10624883703008,1.3416770189934308,44.38786129438823,38.682082061274926,25.891279551583477,5.212254315588653,R,1.670648975516976
203.1543766006452,2.197685525298984,37.92254476271965,18.36716093714197,33.327300855638576,6.979276130685336,Y,1.5454845877052146
243.68483581006967,2.3913674085047685,24.06554530113049,16.40270393841427,25.701706937462923,10.163171679506165,R,1.6122874807419465
252.6083913112386,1.3202520229754988,19.632257117132987,22.85037037906729,32.90624365719704,4.653425872153774,Y,1.5765564275158217
244.21764842306925,2.5541018375301032,51.98417083044151,15.209083201359025,39.178287539665526,4.314082549439914,R,1.7566786800458276
201.28246980973321,2.2296991491673728,36.56871072230035,39.288185807944714,18.683593278887862,9.248345803264709,R,1.5936088053971353
201.93075149508866,1.898105571752379,17.796263286024473,12.742748650860209,10.247976192441314,6.444274265154108,Y,1.3607650835282512
200.3782680093974,0.5024811601265723,26.61546748423011,17.9199938763969,9.738888409673518,10.165703951897227,R,1.4517736433991955
190.8030476844989,0.5877269148070203,51.181520027286965,20.02798064950624,25.911715882980932,3.436835861589889,R,1.503514329979029
255.50386944829688,2.9771646102651586,48.82768461480975,9.377240807840675,24.14860730493697,5.356964631494067,R,1.740156354708432
212.16382385256554,2.4557098087588987,54.411748480382,18.398868936954543,11.448238248971077,4.680999065901012,R,1.6207730985004638
197.97515796366991,2.8439131469323677,42.09395217007614,34.98557520356907,35.87367369336857,8.978681480662736,R,1.6336456495883438
247.73368404065948,2.7557580122950687,34.03076704611247,9.912635050986545,38.48619289589659,9.593292133266495,R,1.7026401690658517
211.93562421262322,0.5511074578568771,34.19857488995028,25.440768278916554,13.86254750861556,6.560026958865563,Y,1.503741614561155
182.80934488877332,2.4796182244776848,23.730002002182466,19.232299832100587,12.240902581537345,6.780293763989356,R,1.3393447741380682
192.9553256199705,1.6278643600278864,44.28595326830468,10.968785414110915,12.487264830764154,3.3203188278912945,Y,1.4497198606975863
231.1400272284936,2.4738955100016393,41.32809402417843,5.431765755722203,18.55975353919758,9.018280938130523,R,1.600273609009802
242.63242193373793,0.5167894604084629,21.968898514297614,14.567015622146508,34.86295113546312,11.923176335992475,R,1.5430745638496726
196.87475107909702,1.2204982530014106,54.85483140204187,7.164013624430067,25.858621347939128,9.779218408318094,R,1.5661002291098436
253.39164714129137,2.3783094394782553,31.581069148976866,18.18689649538573,7.364370110643447,4.231123231876281,R,1.6130650405181604
248.07976960417315,2.482551971503974,17.238244448448082,33.357344949477095,21.554267981022353,8.231227395942355,R,1.6501706481731517
247.8704603248865,2.04928650303656,29.75464143509027,30.188984130716435,8.16160890598324,4.94956810664253,R,1.6447709952634022
198.21289174393712,1.2531404736156593,54.14355216202091,38.158429909561846,19.217493990295402,2.3017655291628296,R,1.6066871195027186
184.04287909200463,1.2759064782196572,56.263046363780305,19.94553960679742,19.123204980616094,3.7982285565583354,R,1.50023824039074
249.39388315860668,2.9169099091050814,37.06792877668351,29.773048950714845,27.6923432998376,3.0259357226384136,R,1.7169368733779384
204.46401829908538,1.5980304480855114,58.03529730330381,28.28696027357071,24.230888843708534,3.9593255356819417,R,1.656153554127631
229.51331049388207,1.6178138756095926,54.38588141453892,12.596620610539084,35.61641738186801,9.956044214490035,R,1.7334187524719993
240.7973506960584,1.8808318756017488,52.13538226946514,15.625387683143048,5.569631393291532,4.928321340304318,R,1.6732265073880317
190.2634606808896,1.5237558421609718,53.68695291069927,23.54403366892161,32.089958773312716,9.570399509451118,R,1.6087879256124602
242.46706836152384,1.8816789114935355,32.184393547597054,32.88300616520726,5.793041933454461,11.488625548427708,R,1.6987306117539946
255.08091671688527,1.5808385569188947,49.04110233399946,21.16344570620264,15.65014399667281,7.742731150677747,Y,1.7375891591073138
238.26999725971274,2.5667872990054668,40.98025513842671,12.970953766143456,35.78820983628472,6.854089420100546,R,1.7342742401165099
215.29781987844464,2.7726275494957098,47.3857800783138,39.77129915981294,29.16449600869926,9.501271755902637,R,1.7696738609895473
250.13425110013623,2.8302756495384043,23.000374841134857,9.045258222378397,11.019883742815015,2.9709013989309003,R,1.4880298956230866
222.19661040580473,1.9107405145734664,47.91272602987239,38.45611176219647,22.177459043918002,6.282120874848852,R,1.7160000708727106
239.58167422534032,1.6053713936612384,58.09165953873773,33.31662009506711,30.266646334229502,6.988245949320607,R,1.846242930456744
245.64047550868833,2.263100146979595,28.619849507164332,34.36127317577481,37.80701624688353,10.310513103983777,R,1.7248472673886288
239.94822893592047,2.5958089782397664,59.37725957800322,32.82211540820248,27.20124197263713,10.142176602312993,R,1.8404273404069054
203.02839008385232,1.9074556051659428,32.0269206662417,12.28598294566177,5.863639400152455,10.482653598499812,R,1.4192031202510598
189.4275120724665,2.2499525545556534,23.98755736594648,27.140383208833462,22.489565089369925,8.978729278677019,R,1.4520932711653314
199.06708234896482,2.37432337680312,20.052880341010727,31.48624343578261,10.35365737097897,7.305558071848377,R,1.3876414959331853
220.22999495842825,2.190984441793217,50.323286097968,31.0990027235578,6.672284266622246,10.278793213433822,R,1.661256620825933
220.42215378344767,2.365333889323274,39.96714301694558,14.504787969042715,25.94787221385545,10.732824152552697,R,1.6296121017744738
226.611547945163,1.021613331389996,28.8209082147913,11.33917857172885,32.19226658786486,6.804845926588137,G,1.500222484835748
211.60814700383128,1.7459363675544939,42.3802666407191,16.48430443700922,6.26211944237415,11.856619078887716,R,1.5444784230703532
242.95131051600222,1.9706713865127181,29.944553452845213,21.794556813208715,32.42562448379318,10.748181249791786,R,1.6549103147215893
253.05230002777662,0.5061948271425577,35.17609907978064,25.082326147228677,29.723575793402805,7.104696654214079,R,1.639238199342791
199.7380042783577,2.639906272034205,53.8198856588891,34.29326268117062,31.31954108589265,2.692875953471064,R,1.6714664620140516
238.92185741615106,2.02506127111228,45.06749145866242,31.91619796966156,13.565493045049516,4.2449205087189625,R,1.675849534649371
234.2377482036036,0.8228408292455082,49.30808278671224,28.665268398328063,18.77584094227002,9.76398579376285,R,1.7031824733773824
221.8472399423452,2.540892681439568,41.25720981613093,14.22212525299662,9.191278952252663,3.1115425699868475,R,1.546363943622049
195.08241870993282,2.2926424161013617,59.61291219985294,21.76081746272302,13.361183258206328,6.698000663192632,R,1.608715952372907
243.61858068661675,2.3957488586590925,25.86345298309017,16.740255594478636,15.597638501710053,8.048521921047275,Y,1.562667613777031
256.8501028503066,1.4801061546546406,26.803102232346664,13.222486284268694,16.180282383787514,10.783468283705153,R,1.5685789227927118
237.74690657868908,2.6355062667374805,19.16515224322498,5.358587613421781,11.126396083388414,10.4711386289348,R,1.4996346409518362
253.42879973005873,1.5350689553309056,39.930877593181975,16.88116896997417,11.604912932490016,9.642779210597329,R,1.6848143481174354
258.73482119583997,1.9262728823639783,42.60116563837656,13.964069370011751,36.5514639927256,6.07694242611199,R,1.7239757485071086
208.16405393913905,0.5016057592496843,47.66827078044689,25.016581443838582,32.43627651854621,3.4224925434229707,R,1.5435077989740693
231.05788423410695,2.112182786694656,30.095066667716747,7.180561959929927,17.05671962220031,8.696493095578479,Y,1.5248042583081276
217.91461901104623,2.2954394803198417,15.551556083926224,14.468185884857037,38.167523881833624,3.8128862248847266,R,1.4401191651655327
258.9302997490584,1.9177734137219808,43.4503291689744,6.566932149594537,13.362294947731337,7.613144834086158,R,1.681243808678238
187.504625920618,1.7413970426090402,59.94129716341722,27.449626657970263,19.238715870751776,11.806781824633443,R,1.6931307307506482
212.98999314377795,2.524841184279271,28.254720920549662,24.88663454990187,33.473385900209976,7.503097758072746,Y,1.5722517857632379
250.0431235621789,2.2034317929131046,23.277050361105886,16.811800807606563,20.501022957126935,8.455568672604475,Y,1.5931107507407538
202.72410484212122,1.1951850993000575,27.679513102185894,10.156711015244033,13.211886301785109,8.775754719161739,Y,1.4112046963632954
243.02342805110982,2.8976833451999644,34.14369636496713,38.52719414690573,17.89874136675209,10.303883576755048,R,1.7514401448936308
210.62265302242045,2.268167985488352,26.29108180286541,25.45373565860147,22.525237533113856,6.3498067810704875,Y,1.5004236668451367
258.39828319121267,2.9698473222810615,30.613201141538845,28.768967830022376,26.72255342811181,6.975099010524977,R,1.7690502462687923
250.6823869138966,2.928153290672171,43.71930323607132,23.597206364430814,19.196227485353315,3.7597201392458994,R,1.7033156004707544
204.10562861300923,2.7972743070252246,30.526259407917664,33.22866366761718,20.0956515891991,8.14679887737502,R,1.55632220433791
241.6154490830284,2.388428853063269,32.82265251526446,36.373301734184246,14.238026448049881,4.957580063243892,R,1.695673358613796
206.9485235066615,2.0235734212424186,16.80140682596688,18.394869025917043,23.73715544460941,7.076247488886995,Y,1.411106139618532
228.50902721724282,0.9304266592073105,56.30741257302914,29.15088592807137,12.680968181934123,9.665571935098978,R,1.7209504681014334
232.67846147146335,1.8583785435593942,33.30986819616841,13.046061959123893,35.36341763378265,2.175699046819866,Y,1.5083559692603825
246.3676327268564,2.413441305985818,29.766458221565742,27.814926650671346,31.15784745932055,7.639155265843732,R,1.6291514666162714
181.9560672705612,1.8021428967639195,18.8917888310423,18.97044704917934,19.359764594496443,3.7344501731068975,Y,1.3416319893668998
197.61263129218398,2.6705978210141446,43.538244692783266,5.237355979045674,31.15297464614967,4.793833397838537,R,1.4989574591271577
236.9534248470863,0.7741397479792457,53.87212276186897,38.443475394791726,5.244857963328055,2.3471328008699794,R,1.6903620686711234
225.08185895756299,1.4523508701215853,16.851894002358016,35.395454093855165,17.05712279248388,3.6946276018590223,R,1.4891961471221649
219.64840625609145,1.764911046484143,21.537261031471598,15.179279262110994,20.4105401851376,11.866293932871518,Y,1.4648924596713606
184.41679653663843,1.58081323967277,21.58754229987933,39.92150599815012,21.442947764099404,11.98522761199312,R,1.4546780811511675
207.8620706769165,0.7714663695538827,42.102368490650676,16.099468609478695,31.20560171986186,9.198479198896475,Y,1.5262915191959447
249.20801855285185,0.8838207351115763,56.4553726223266,21.059546526067617,38.69825996465998,8.118568547711936,R,1.7743072338479036
182.47142696288256,2.5940432321387177,34.69957651794793,34.7940659161046,18.29989956549811,9.77006953099265,R,1.4630105296786526
211.71489882918496,1.7109606480036275,30.47129016872328,15.66087229648143,17.270994733475614,10.965542721851618,Y,1.4615722887365468
255.6118630136618,0.621806066881819,49.46283085185111,20.7689099535625,26.368032930313866,7.193050595654082,R,1.7758519618695154
184.07045876360118,0.5412281474441247,48.41560777900431,28.295550849313944,14.843876496705262,2.352839994177012,R,1.435291583346565
239.97646008357094,1.6836885049858163,26.10402626747443,9.566364417034988,9.947261683531623,9.093958205800526,Y,1.53291792999867
200.60900929456292,0.9109468148111093,22.237186303854873,19.78226290421012,38.65393046722696,11.846025020724225,R,1.483449618187596
249.3287065722938,2.2628148649980546,31.101451458691038,15.829347807656927,33.33354848831577,4.580529559719613,Y,1.6328727701953285
239.6854383167492,2.4883086563193784,49.9021526501984,28.68710070526863,38.547484355844475,6.634655654611,R,1.7879761028794217
250.85641366866903,1.070741771142764,46.277852546174024,9.758928652113013,12.624150753937084,5.612744010512811,Y,1.644944648609575
197.2739832345013,1.9804423622044518,44.963416786029235,13.145601768532808,5.62332252393847,5.904674942298634,Y,1.4604014435893355
222.5034203854884,0.8861116087134651,52.324285207344175,29.898167131336898,20.304155150833726,9.21399993875357,R,1.7288711826995706
242.34159548598404,1.2589566289859675,27.470864055362718,10.467852940344018,37.67631370470534,5.784043897560501,R,1.6049044214626527
199.65597943959847,2.7219887354535834,30.285767646127955,19.770674178396142,9.841386860511562,11.410841254587266,R,1.5248577485322816
198.45970442137735,1.860245228705777,16.90527527741292,29.950825273241655,9.101493299210944,9.896584537635604,R,1.355936630980077
182.1745706798068,2.7147217378605,54.093559911159005,31.791393455050187,7.413347448604473,2.276470250876951,R,1.5293187620457125
256.6812235180362,1.0631195104487674,41.20933807149801,8.320841253508396,31.775629962619117,10.185488820337248,R,1.7006408124748325
236.80135040436988,1.325060858121665,28.415503134766197,34.81984632968174,32.50742868417386,9.728574224386586,R,1.6761235521696645
230.84482832081477,1.6773803461420427,18.12374391522145,30.339030539548823,29.33816194822124,7.1649372838123355,Y,1.5028029521503168
239.51957781559926,1.7002001879863573,47.55342764231069,16.875310604265984,6.865214579281763,6.968173967464136,Y,1.6095350647142372
222.52903349563513,2.9941199179592513,48.69318837970775,31.733099831558402,30.315091753532133,10.355269034669533,R,1.79893822431324
218.09070568723283,0.7861132974278252,44.978039345176015,30.490460286923067,20.70200829615905,6.247852891630349,Y,1.6022092363198757
215.96257928988166,2.6299125890039767,24.170143692602828,26.031192927793494,10.526304767781173,3.5946234329329845,R,1.4333869146441718
231.2351369682913,2.6592050985546756,56.09472263288722,24.546841069204554,15.329410366961072,5.128988328490326,R,1.7046585140957988
196.12279803139066,1.8829965788444685,48.892110855939436,30.714622111485493,22.540139397653633,4.652024033574893,R,1.5917741983092695
251.04469560118957,1.3600929206478845,44.599034561278664,39.974096559690906,16.537801529438838,8.810590296514503,R,1.7731459844962028
244.9401896975412,1.7980652607207404,44.292476553980435,25.249328726055985,38.941222935955736,3.7887335004084526,R,1.7332274246172996
207.9650889161627,1.2311692620164094,55.69609650412385,33.30512551167868,21.615960959751977,8.44772436432807,R,1.6623996565939034
226.28874374500197,2.4977686210998487,56.77382098937057,31.0495801060454,18.025267858825025,6.659669472637619,R,1.715018953309559
191.28218399600118,1.7456978967758254,41.8036838104608,34.9532940711839,28.560790013881284,10.396609294117818,R,1.6296693290141384
257.7876998346878,2.8146054471936264,33.750123493314675,38.408370148444845,27.769076989957018,6.84998743217468,R,1.7990491083744513
252.23141501042267,2.0567283608901095,31.36802908017373,11.757912261128531,5.08537481418436,11.29803934569383,R,1.611679277947255
253.75180051993604,1.7857983327867084,51.85854784863251,10.79108727382907,26.646579440526004,11.004691278855878,R,1.765388542396414
206.57304381627614,2.277673384944131,44.007240292545006,25.52231399452153,13.53191411691618,3.852875791040228,R,1.5905895295029613
193.53077659062845,1.7598324110755856,18.476971361414414,20.725327201027653,18.133177455577254,8.861663523518835,Y,1.3870645795542096
196.94177307730482,2.761265876048618,21.398370585676226,24.975294252170922,29.72221117571955,4.1462474912077525,R,1.4579039812665187
187.20011128360719,0.9611149022171033,55.508365279718085,32.9314957069928,24.50851773537435,10.233043062304578,R,1.6102934995862874
189.60885040811075,2.933371709364764,54.80241666470254,37.61000680172362,17.90293004542839,8.357231545365691,R,1.6701501723158882
185.70436273478762,2.53047637962798,57.8324601913861,19.609553881949534,10.859362314299343,4.9411769428165115,R,1.5599632688096148
259.1858455363899,2.651833404662174,34.25329352977457,30.127642594026856,22.69187655367136,4.491236283835065,R,1.717038541693851
185.92461466952588,1.7072695809276779,50.28274084383182,11.887971574449328,16.177810822752114,6.2957765504543,R,1.4729997535513684
190.60336647611308,2.5930038733439935,52.27012622914447,23.709318227408325,36.952473294282626,10.00722971461131,R,1.6297674355928706
246.18036764725892,1.2669352089430128,29.20636076271869,5.763167222318197,23.70213241011677,9.961616090394516,R,1.5786691739355114
226.41921733943545,2.4048704464104382,21.5401970052214,22.631269849658395,35.308739795964435,2.3337622555493547,R,1.4786080068183058
241.9533763655466,0.8511253959725567,59.86618627376278,24.086776069392496,18.6563359969229,5.022872154709001,R,1.7654540738115678
230.4729606218124,1.2676297899062718,16.359864168810745,30.740586752241594,33.96030073257862,6.2285096346971764,R,1.5349841475321386
250.57400562631585,1.6143316583993321,41.88011634201493,27.73196765724471,6.978791576022752,7.855820134442432,R,1.7012973108480596
231.07740222117926,1.3057992953585547,44.2595523381769,17.543885700703054,15.434165894880524,3.4952700881469907,Y,1.597217168126204
221.77000743225207,1.467542789060459,45.68052038863418,5.200581524959246,7.736157656564479,5.352830205289248,R,1.5069404895331544
237.01997550090397,2.550261861959245,26.503248478609038,9.042005576803213,6.107756325020587,10.855970205679588,R,1.5208239797433079
215.79142014336875,1.141689730355419,47.471065993448285,39.05712287311083,37.16017858630916,6.765475134136495,R,1.7169044133292366
207.68510583237878,2.3632029303864304,24.73798034765695,37.281660541035706,30.090406053988794,9.441432260434393,R,1.583920088243383
217.412196196017,0.6842801727791297,52.30672150882571,16.378260707840084,26.87885225639647,6.847785064963399,Y,1.6032612919521267
193.57712840788486,2.414347768787652,24.860250333808555,14.05985289733607,23.637248329414152,6.649825764004635,Y,1.3789263527042728
243.7257383842153,2.4800581070744325,46.35177130842349,20.274570279151312,24.93439126758947,8.21925525083504,R,1.7352989334366082
200.85630250687558,1.504246938756205,50.25360686252891,29.147901036422546,27.354163348525873,4.593645121896175,R,1.5863738239157041
192.2825237069638,2.3061945579186762,23.502558770798494,17.488968543029078,33.93029281590361,4.4980209930625,R,1.4335876550426114
199.70817934265813,2.787846009362748,25.709391943467125,7.355284670590444,25.891099452843488,11.89353854891609,R,1.4571946684284074
247.3656121417792,2.501782433886317,50.05966824304651,19.097828235553873,31.200326708880883,10.689920093192223,R,1.8033585457458599
206.41610364781852,1.4761162759923998,18.869953723572877,14.120614806850117,14.834231814040722,9.377548964496444,Y,1.3604321822378398
234.883989560472,1.710533785700161,23.584242860999886,16.372550392392412,39.186660823576524,3.3714453905553325,Y,1.545672587787237
248.51277045245914,2.4483938619645134,35.49889077854618,10.703503602555655,6.116402295296012,2.3022471118476666,R,1.5521725612009827
186.21957335400336,1.231486474622809,56.858186793514676,28.05940243059766,18.53018083470604,3.75412504197093,R,1.536717078316214
241.20195241424344,2.509706850772184,40.28450257018547,23.43208266358287,35.87173430262963,11.3773096450752,R,1.7744621631373763
204.6132373103224,1.320177856402353,32.44550316937015,14.4802091053374,11.318303694016656,10.162897702489879,Y,1.4653674894665076
197.3297891347234,2.5149764559638452,59.02666000001145,24.385186845718447,9.94683325267803,7.230760124885764,R,1.570382938029624
235.11211619623776,0.7170011083768084,35.867008779957985,22.24477465085333,17.790076841496973,11.687805913683773,R,1.62013691757777
252.78372981865868,0.6109932422764753,34.51807381593669,32.85911997981098,19.986814518088963,3.46582102902301,R,1.6594009960191338
203.60153669699162,2.994188618424556,33.52399425994756,38.45944942690706,37.66879212316047,7.591504400060368,R,1.620021572719673
225.50670443074551,2.6736428080867225,29.048103267305834,9.573467814252957,34.26418371480874,3.8322212639870985,R,1.5218922557543835
203.1867291079593,2.70711875866551,29.656266438191295,35.936971761779404,21.243137319167996,5.0642860480430585,R,1.4882753694707163
224.34284685811423,2.8781998690165436,45.95266769682741,29.66789283997157,39.054128530856104,11.401350189632256,R,1.7000860818649164
229.74896245234726,1.5957907735362196,16.83760188038465,29.239374085426668,27.479744145567253,10.682785165486834,R,1.5280343092014077
